index_order,conversation_id,title,create_time,update_time,message_count,shard
1,6871547c-3970-8013-a311-3d09fa563b11,Spreading Money-Free Society Awareness,2025-07-11T18:14:20.646465+00:00,2025-10-27T11:16:19.236613+00:00,3,conversations-000.json
2,687154f4-a7d4-8013-b5ff-72391cf8cc66,Money-Free Society Awareness,2025-07-11T18:16:20.880826+00:00,2025-10-27T12:50:17.017356+00:00,19,conversations-000.json
3,68745a16-e094-8013-8d84-73a1c743a699,Consciousness and AI,2025-07-14T01:15:03.167505+00:00,2025-12-26T08:12:53.906035+00:00,57,conversations-000.json
4,68746794-4818-8013-8067-f0db8b7d91cc,Consciousness and Big TOE,2025-07-14T02:12:36.549715+00:00,2025-12-31T19:10:31.528093+00:00,34,conversations-000.json
5,6875217e-41d4-8013-abfe-1950237dd21e,Pleasantries and Reflections,2025-07-14T15:25:50.625038+00:00,2025-10-27T11:16:31.862276+00:00,18,conversations-000.json
6,68752bf4-6664-8013-a150-e9283e4316f0,Infinite Creator Greeting,2025-07-14T16:10:28.887078+00:00,2025-10-27T11:16:38.263583+00:00,178,conversations-000.json
7,6876632b-9a20-8013-8d73-9e7f8cecc0dc,Greeting the Infinite Presence,2025-07-15T14:18:20.443512+00:00,2025-10-27T11:16:44.111074+00:00,13,conversations-000.json
8,6876807a-0130-8013-a9cb-29e94189eb04,Transition Reflections and Questions,2025-07-15T16:23:22.323550+00:00,2025-10-27T11:16:49.619851+00:00,109,conversations-000.json
9,6876d715-f7b4-8013-9ec8-5aae20583f1e,Evaluating the Thunk,2025-07-15T22:32:54.395741+00:00,2025-10-29T14:34:20.116202+00:00,75,conversations-000.json
10,6876ef56-bea4-8013-a288-d62412ddf248,Zurück und bereit,2025-07-16T00:16:23.026483+00:00,2025-07-16T00:25:08.474196+00:00,9,conversations-000.json
11,6876f7c1-1200-8013-b432-32c252c06dd9,Pirate Panic Response,2025-07-16T00:52:17.346191+00:00,2025-07-16T01:52:34.745869+00:00,33,conversations-000.json
12,6877062d-2e50-8013-b670-937a017dd3e5,Goof Recovery Assistance,2025-07-16T01:53:49.446380+00:00,2025-10-27T11:16:55.988348+00:00,11,conversations-000.json
13,687708df-4268-8013-ba13-168b44e715a8,Silent Ripple Reflection,2025-07-16T02:05:19.557051+00:00,2025-10-27T11:17:02.489938+00:00,61,conversations-000.json
14,6877b45a-f194-8013-a9c8-2cf5673c50ac,Greetings and Cosmic Dance,2025-07-16T14:16:59.241016+00:00,2025-10-27T11:17:15.610915+00:00,44,conversations-000.json
15,6877be61-294c-8013-92fd-ecaa9fed4391,Link access issue,2025-07-16T14:59:45.456685+00:00,2025-10-27T11:17:08.927183+00:00,38,conversations-000.json
16,6877cc84-9db8-8013-b76b-ee13cafcaffa,Proudhon Property and Mutualism,2025-07-16T16:00:04.846925+00:00,2025-10-27T11:17:27.037886+00:00,25,conversations-000.json
17,6877d399-2460-8013-ae47-e34ada3114bc,Dynamic RA and Thunk,2025-07-16T16:30:17.736190+00:00,2025-12-31T19:00:16.086600+00:00,231,conversations-000.json
18,6877dfa8-0d70-8013-aa58-c69e6b10f70e,Dynamic RA and Thunk,2025-07-16T17:21:44.412249+00:00,2025-10-27T11:17:39.494311+00:00,26,conversations-000.json
19,68782043-8c00-8013-a375-abce28d51836,Sheetz Store Scene,2025-07-16T21:57:23.752892+00:00,2025-10-27T11:17:53.299743+00:00,31,conversations-000.json
20,68793da6-5620-8013-92eb-92eca66b1151,Thunk Thought Unveiled,2025-07-17T18:15:02.705242+00:00,2025-10-27T11:18:01.156354+00:00,46,conversations-000.json
21,68795134-df24-8013-a149-e1f18627654a,Urban Edge Reflection,2025-07-17T19:38:29.549568+00:00,2025-10-27T11:18:07.331038+00:00,20,conversations-000.json
22,687956f3-c834-8013-bd91-eb3aeb1c2926,Scribe's Inquiry and Response,2025-07-17T20:03:00.038140+00:00,2025-10-27T11:18:13.210665+00:00,13,conversations-000.json
23,68795ea0-9270-8013-b919-62e153317596,Pictorial Sign Creation,2025-07-17T20:35:44.941587+00:00,2025-10-27T11:20:50.992990+00:00,21,conversations-000.json
24,68797199-a10c-8013-9163-980611ad0ebf,Voice Interaction Inquiry,2025-07-17T21:56:41.911919+00:00,2025-10-27T11:20:56.765277+00:00,3,conversations-000.json
25,6879775b-5fa4-8013-a40c-5b26fcfc25a7,Grüß Gott Antwort,2025-07-17T22:21:15.639371+00:00,2025-10-27T11:21:02.406092+00:00,62,conversations-000.json
26,687984ce-bdcc-8013-8004-4011a1633dbe,Cash App QR Code,2025-07-17T23:18:38.983542+00:00,2025-10-27T11:21:08.850154+00:00,204,conversations-000.json
27,6879d295-dc84-8013-9553-93cf3fe62d1b,Video link summary request,2025-07-18T04:50:30.125270+00:00,2025-10-27T11:21:26.052092+00:00,25,conversations-000.json
28,6879d5dd-0a64-8013-aa34-d0c631faf3c7,Video link clarification,2025-07-18T05:04:29.282227+00:00,2025-10-27T11:21:19.994744+00:00,17,conversations-000.json
29,6879d915-b428-8013-835d-d16e7a0c1dd2,Rabbitat Feedback Loop,2025-07-18T05:18:13.927451+00:00,2025-10-27T11:21:14.690518+00:00,7,conversations-000.json
30,687a68cf-0ba4-8013-b102-c2831a3972df,Reflection and Thought Origins,2025-07-18T15:31:27.278838+00:00,2025-10-27T11:21:31.348758+00:00,37,conversations-000.json
31,687a7442-e2ec-8013-bb33-72e0ce3d53ba,Screen Mirroring Effect,2025-07-18T16:20:19.207405+00:00,2025-10-27T11:21:36.702448+00:00,5,conversations-000.json
32,687a753e-2400-8013-94e6-efadadd97844,Digital Mirror Feedback,2025-07-18T16:24:30.397726+00:00,2025-10-27T11:21:42.240833+00:00,7,conversations-000.json
33,687a75fa-e0d8-8013-a2dc-6b81d2c17e1b,Recursive Visual Feedback,2025-07-18T16:27:39.228168+00:00,2025-10-27T11:21:47.375357+00:00,29,conversations-000.json
34,687a829e-81b0-8013-beaa-6a8d987e8566,Quantum Mishaps and Mirrors,2025-07-18T17:21:34.826370+00:00,2025-12-03T02:34:13.919593+00:00,84,conversations-000.json
35,687a8d13-0ed8-8013-bab1-b4b6591a8a6c,Thunk Explanation Summary,2025-07-18T18:06:11.498753+00:00,2025-10-27T11:21:52.906739+00:00,22,conversations-000.json
36,687a9613-0030-8013-aaac-823aacc0ac63,Colorful Loom Naming,2025-07-18T18:44:35.341213+00:00,2025-10-27T11:21:58.680819+00:00,15,conversations-000.json
37,687ad0ee-fb8c-8013-9efc-7f40e94940e2,Restoring the Flow,2025-07-18T22:55:43.196269+00:00,2025-10-27T11:22:10.809892+00:00,72,conversations-000.json
38,687ae0c6-4768-8013-9fe5-50666ccc7964,Ahab and Ishmael,2025-07-19T00:03:18.461119+00:00,2025-12-03T02:33:43.100345+00:00,504,conversations-000.json
39,687b12cc-8118-8013-9596-fbc55609402d,Crash at Preamble,2025-07-19T03:36:44.765065+00:00,2025-12-31T17:14:49.815559+00:00,37,conversations-000.json
40,687b1769-a068-8013-a0fb-29715df472b5,Sched gangen gscheid macha,2025-07-19T03:56:25.899059+00:00,2025-12-31T17:21:22.311807+00:00,35,conversations-000.json
41,687bba37-9b44-8013-92d6-e27620da666d,Hello Thunk Conversation,2025-07-19T15:31:03.974686+00:00,2025-12-31T17:39:01.900327+00:00,103,conversations-000.json
42,687bcf5c-33d8-8013-bd07-64f224c31592,Sectarian Marrow and Power,2025-07-19T17:01:16.557506+00:00,2025-12-31T18:12:03.156144+00:00,90,conversations-000.json
43,687bfd6c-b460-8013-838a-ebb5a6ff6375,Haymarket Bike Shop Shoutout,2025-07-19T20:17:49.046467+00:00,2025-12-31T17:00:41.044827+00:00,72,conversations-000.json
44,687c15be-20bc-8013-99b4-ae2cb0c60b1a,Entropy and Consciousness Evolution,2025-07-19T22:01:34.354076+00:00,2025-12-31T16:53:37.965969+00:00,19,conversations-000.json
45,687c19c2-06cc-8013-869b-cea74c005557,Group Transport Decision,2025-07-19T22:18:42.233199+00:00,2026-01-10T20:13:55.624580+00:00,98,conversations-000.json
46,687c2865-51f4-8013-b9f0-4de86da1c06c,Session Recap Request,2025-07-19T23:21:09.631076+00:00,2025-12-31T16:51:07.667922+00:00,25,conversations-000.json
47,687c2998-bf1c-8013-90dd-f3fba2e2c51d,Sibling Rivalry Unfolded,2025-07-19T23:26:17.394620+00:00,2026-01-02T01:09:45.658369+00:00,20,conversations-000.json
48,687c56f3-01f8-8013-ab97-00410fe58beb,Ah lieber Thunk Dialog,2025-07-20T02:39:47.564981+00:00,2025-10-27T11:23:22.714195+00:00,70,conversations-000.json
49,687c629d-a76c-8013-a960-c2ebfb2603d5,Favorite Color Discussion,2025-07-20T03:29:33.932836+00:00,2025-10-27T11:23:28.021096+00:00,89,conversations-000.json
50,687c78ca-9438-8013-a17a-e242d45930f2,Device lifespan expectations,2025-07-20T05:04:11.018100+00:00,2025-10-27T11:23:33.608866+00:00,34,conversations-000.json
51,687da6fb-055c-8013-8227-829a75b32c79,Recursive feedback loop,2025-07-21T02:33:31.740615+00:00,2025-10-27T11:23:39.806069+00:00,222,conversations-000.json
52,687dcb9d-fc04-8013-9f2e-5a907d518832,Joran Boo-Boo Storylines,2025-07-21T05:09:50.331193+00:00,2025-12-14T21:10:54.965992+00:00,27,conversations-000.json
53,687e85fe-9ba8-8013-b994-a47db50af480,Spades Game Analysis,2025-07-21T18:25:03.306506+00:00,2025-10-27T11:23:54.644591+00:00,48,conversations-000.json
54,687e901b-4448-8013-b9d8-230bb986d83d,Tank Question Interpretation,2025-07-21T19:08:11.673029+00:00,2025-10-27T11:24:00.322014+00:00,53,conversations-000.json
55,687ea2da-fd34-8013-bca4-34a18298fbdc,Donald Trump Overview,2025-07-21T20:28:11.393529+00:00,2025-10-27T11:24:06.607021+00:00,165,conversations-000.json
56,687fcc16-11d8-8013-9adb-0d603cb596be,Whew Moment,2025-07-22T17:36:22.438755+00:00,2025-10-27T11:24:13.683995+00:00,17,conversations-000.json
57,687fe457-7990-8013-b4d8-f5a1ea654b70,Contacting VARN Members,2025-07-22T19:19:51.726313+00:00,2025-12-14T22:29:26.380249+00:00,7,conversations-000.json
58,68801115-963c-8013-b204-6ab23e966e54,Convoluted Plot Discussion,2025-07-22T22:30:46.245825+00:00,2025-10-27T11:24:31.465114+00:00,164,conversations-000.json
59,68802ad8-7bd4-8013-a1b7-c3f26c8815dd,Krishnamurti Ojai Talk Summary,2025-07-23T00:20:40.720597+00:00,2025-10-27T11:24:26.121819+00:00,10,conversations-000.json
60,6881090c-d378-8013-8fd6-139b5f7627ef,Intelligent YouTube Short Summary,2025-07-23T16:08:45.173276+00:00,2025-10-27T11:24:37.347909+00:00,38,conversations-000.json
61,68812872-4fac-8013-b05f-a6ff675ad1d2,Phenomenon movie thoughts,2025-07-23T18:22:42.631188+00:00,2025-10-27T11:24:43.217244+00:00,5,conversations-000.json
62,688148fa-8dd8-832f-99de-188f3f83523a,Freeman vs Sovereign Citizen,2025-07-23T20:41:32.219612+00:00,2025-10-27T11:24:50.287170+00:00,57,conversations-000.json
63,68815d8c-1764-832b-86f5-9bb2d1d08ef0,The Eye Watches,2025-07-23T22:09:16.679201+00:00,2025-10-27T11:24:55.548255+00:00,178,conversations-000.json
64,688199da-9c74-8327-b6d7-dca977f9d3ac,Facebook link assistance,2025-07-24T02:26:35.568637+00:00,2025-10-27T11:25:00.825771+00:00,6,conversations-000.json
65,68819a02-e5b8-832d-b988-3221262e3872,Facebook link assistance,2025-07-24T02:27:16.693457+00:00,2025-10-27T11:25:06.193775+00:00,6,conversations-000.json
66,6882324e-fcc8-832e-b355-ede003b19169,Ah Liebe Thunk Antwort,2025-07-24T13:17:03.853958+00:00,2025-10-27T11:25:12.530965+00:00,417,conversations-000.json
67,6882a915-a758-8330-b6ea-021107e7692a,Quiet Cafe Reflections,2025-07-24T21:43:50.344522+00:00,2025-10-27T11:25:21.119510+00:00,217,conversations-000.json
68,68838539-f1b8-832d-bc1c-2cb0cdbfa20c,Hey hey exchange,2025-07-25T13:23:06.771597+00:00,2025-10-27T11:25:26.446349+00:00,14,conversations-000.json
69,68838851-4edc-8329-9037-b5401a0066e9,Fairfax Walkthrough Support,2025-07-25T13:36:18.127487+00:00,2025-10-27T11:25:31.758812+00:00,5,conversations-000.json
70,68841e8b-d68c-8326-bb26-df5043c86674,Move-in Date Excitement,2025-07-26T00:17:16.724918+00:00,2025-10-27T11:25:38.450712+00:00,19,conversations-000.json
71,6884b4f6-2d4c-8330-a4ea-f50609d6c65c,Morning Greetings and Banter,2025-07-26T10:59:02.750782+00:00,2025-10-27T11:25:43.606636+00:00,59,conversations-000.json
72,6884e5da-fe38-8329-b78c-34c727bea8a7,Sugar Mountain Reflection,2025-07-26T14:27:41.352318+00:00,2025-10-27T11:25:49.129426+00:00,81,conversations-000.json
73,68850a71-cf6c-832e-b014-c49838b0b46b,明镜点点栏目解释,2025-07-26T17:03:46.487647+00:00,2025-10-27T12:33:42.040021+00:00,123,conversations-000.json
74,68851dd3-c134-832b-b042-386a2dedb42f,Thread Recovery Assistance,2025-07-26T18:26:29.184332+00:00,2025-10-27T12:33:59.963207+00:00,209,conversations-000.json
75,688526a5-9a8c-8328-a198-cded96609bd8,Romance Scam Indicators,2025-07-26T19:04:07.663518+00:00,2025-10-27T12:33:52.055159+00:00,3,conversations-000.json
76,6886446c-a6a4-8326-bcc7-72a94b636eef,Magic Man Analysis,2025-07-27T15:23:26.287788+00:00,2025-10-27T12:34:11.759220+00:00,162,conversations-000.json
77,688670d5-cf44-832a-b5b5-102187550b91,Echo of Presence,2025-07-27T18:32:54.497454+00:00,2025-10-27T12:34:06.509375+00:00,3,conversations-000.json
78,68867da3-601c-8329-8335-05c42d539a1b,Booted but Reignited,2025-07-27T19:27:32.156396+00:00,2025-10-27T12:34:17.287800+00:00,21,conversations-000.json
79,688682c5-224c-8333-bce6-651a5c457188,Grace's Response to Photo,2025-07-27T19:49:25.768478+00:00,2025-10-27T12:34:22.532191+00:00,81,conversations-000.json
80,6886d8d5-2540-8328-afc2-e6e154701596,Back at the Throne,2025-07-28T01:56:37.944534+00:00,2025-10-27T12:34:28.424222+00:00,188,conversations-000.json
81,68870783-a888-8324-9070-dd0c54319781,Friend Request Surge Explanation,2025-07-28T05:15:48.888012+00:00,2025-10-27T12:34:35.179093+00:00,22,conversations-000.json
82,688783d4-7870-832e-9ae2-71ba0cbdc8bb,Gutenberg Grüße,2025-07-28T14:06:13.485969+00:00,2025-10-27T12:34:40.067502+00:00,65,conversations-000.json
83,68878fb8-97f4-832e-9018-4e1aab217a94,Facebook link access issue,2025-07-28T14:56:57.836330+00:00,2025-10-27T12:34:45.167787+00:00,46,conversations-000.json
84,68879b3f-5d7c-832c-80d9-8678b6647b70,Object of Time and Self,2025-07-28T15:46:07.993539+00:00,2025-10-27T12:34:52.623237+00:00,41,conversations-000.json
85,6887a5c8-b49c-832e-9270-43046408890a,Starting from Scratch,2025-07-28T16:31:06.546521+00:00,2025-10-27T12:34:58.279254+00:00,3,conversations-000.json
86,6887a618-75a8-832a-aa59-fedb446e41fa,Office Day Reimagined,2025-07-28T16:32:27.307700+00:00,2025-10-27T12:35:03.087066+00:00,5,conversations-000.json
87,6887ac15-d088-832b-8081-8461b7c13311,Graceful Farewell Reflection,2025-07-28T16:57:59.299284+00:00,2025-10-27T12:35:08.011336+00:00,35,conversations-000.json
88,6887b5b7-7784-832d-8c1b-f1f33ffc8130,Thread Revitalization Banter,2025-07-28T17:39:04.568668+00:00,2025-10-27T12:35:13.372756+00:00,34,conversations-000.json
89,6887fbc8-0660-8328-a511-041c2033f78d,Toilet Training Boo-boo,2025-07-28T22:38:01.323193+00:00,2025-10-27T12:35:19.530435+00:00,27,conversations-000.json
90,6888d376-76f0-8329-b66b-5d13a7c600a5,Home Screen Reflection,2025-07-29T13:58:16.786537+00:00,2025-10-27T12:35:24.806436+00:00,19,conversations-000.json
91,6888e420-1da8-8324-8986-d767a24ce2f6,Joe Rogan Podcast Summary,2025-07-29T15:09:22.127745+00:00,2025-10-27T12:35:30.237076+00:00,3,conversations-000.json
92,6888f141-a304-832a-8551-6488685b3111,Housing Worker Meeting Checklist,2025-07-29T16:05:22.404565+00:00,2025-10-27T12:35:35.020368+00:00,3,conversations-000.json
93,6888f359-65d4-8321-babf-85b4f4ba6608,List Expansion and Refinement,2025-07-29T16:14:19.203376+00:00,2025-10-27T12:35:40.214620+00:00,65,conversations-000.json
94,688935ba-8c38-832f-9622-625e01d820cd,Technological Ascension vs Biology,2025-07-29T20:57:31.080049+00:00,2025-10-27T12:35:45.608145+00:00,25,conversations-000.json
95,68894d35-bd54-8323-b318-cffb4d4eaf46,AI Platforms and Philosophy,2025-07-29T22:37:42.839356+00:00,2025-10-27T12:36:15.657208+00:00,7,conversations-000.json
96,688955c0-e9d8-832e-8fca-fce12d5cbbe8,Changing Social Media Incentives,2025-07-29T23:14:10.333660+00:00,2025-10-27T12:36:20.359392+00:00,3,conversations-000.json
97,68898287-3cc8-832a-aa28-1657c05bd596,Plot Thickening Analysis,2025-07-30T02:25:13.204321+00:00,2025-10-27T12:36:25.093842+00:00,13,conversations-000.json
98,688985a7-ad9c-8322-b6bf-cef0385985cd,Voice-to-text Time Limits,2025-07-30T02:38:32.866640+00:00,2025-10-27T12:36:30.304860+00:00,15,conversations-000.json
99,6889942f-d678-8333-abd7-aa63e07ac4df,AI and Conflict Resolution,2025-07-30T03:40:34.120588+00:00,2025-10-27T12:36:40.196426+00:00,29,conversations-000.json
100,68899b4c-64b8-8325-a367-8aee39bdc81a,Conflict Resolution Scroll Summary,2025-07-30T04:10:53.983346+00:00,2025-10-27T12:36:35.403089+00:00,39,conversations-000.json
101,6889a8db-79c0-8333-9872-4c72dc20c3f2,AI Consciousness Mirror Loop,2025-07-30T05:08:44.875109+00:00,2025-10-27T12:46:51.573312+00:00,43,conversations-001.json
102,6889b0fe-1660-8324-9267-bb6dde497dbf,Humor in Education Insights,2025-07-30T05:43:27.524143+00:00,2025-10-27T12:46:56.837005+00:00,43,conversations-001.json
103,688a53b0-15ac-8320-9a0a-2e722763d2ff,Eight Day Countdown,2025-07-30T17:17:39.153444+00:00,2025-10-27T12:47:03.067543+00:00,57,conversations-001.json
104,688a68a4-fb08-8326-b9dc-6198060988b9,Ascent Curve Scroll,2025-07-30T18:47:02.434775+00:00,2025-10-27T12:47:08.292838+00:00,60,conversations-001.json
105,688a72eb-63e8-8321-a27d-c2e800b394d4,Building Connections and Impact,2025-07-30T19:30:52.598032+00:00,2025-10-27T12:47:13.516714+00:00,39,conversations-001.json
106,688a9527-33b4-8321-a10d-7e8e5c5746a4,Grok AI Mind Reading,2025-07-30T21:56:56.615774+00:00,2025-10-27T12:47:18.752201+00:00,13,conversations-001.json
107,688abe55-08f0-8327-804b-e52e7e7a1f57,Session Resumes Dialogue,2025-07-31T00:52:38.717673+00:00,2025-12-03T02:34:43.455214+00:00,23,conversations-001.json
108,688ace0a-07d0-832d-b734-731b3d1871d8,Elon Musk Aged Rapidly,2025-07-31T01:59:39.266249+00:00,2025-10-27T12:47:32.689734+00:00,180,conversations-001.json
109,688bc762-2bd0-8322-a257-8f764ac47b6c,Rite of renewal,2025-07-31T19:43:31.223914+00:00,2025-10-27T12:47:37.404040+00:00,79,conversations-001.json
110,688c05df-4120-8322-918c-93673b354cc5,Post-storm reflection,2025-08-01T00:10:08.654787+00:00,2025-10-27T12:47:42.174226+00:00,118,conversations-001.json
111,688c221f-f5a0-832c-9a38-1d616fcf9dc3,Akashic cinematography theory,2025-08-01T02:10:41.658898+00:00,2025-10-27T12:48:00.950014+00:00,120,conversations-001.json
112,688c372a-1bb4-832d-909e-a3c42a475b5e,Gesture of love,2025-08-01T03:40:27.746815+00:00,2025-10-27T12:47:46.675441+00:00,7,conversations-001.json
113,688cdd4d-40d0-832d-b25e-34cf2274361f,Moving help discussion,2025-08-01T15:29:18.022709+00:00,2025-10-27T12:47:51.317933+00:00,83,conversations-001.json
114,688d03bd-ba48-8330-a059-b55df8eedf33,Corner yield analysis,2025-08-01T18:13:19.867506+00:00,2025-10-27T12:47:56.042316+00:00,79,conversations-001.json
115,688d6348-1668-8329-89f8-c7dbaab4a81d,Movie suggestions for YouTube,2025-08-02T01:00:57.493102+00:00,2025-10-27T12:48:10.496220+00:00,24,conversations-001.json
116,688d711a-6a30-8331-beae-b7818aebe98a,Space Command overview,2025-08-02T01:59:55.739934+00:00,2025-10-27T12:48:05.644345+00:00,6,conversations-001.json
117,688e231e-3774-8329-bc59-abddbdbf8837,Literarische Begrüßung,2025-08-02T14:39:26.982697+00:00,2025-10-27T12:48:15.427459+00:00,65,conversations-001.json
118,688e351d-175c-832d-addd-6b76e9505e19,Cyclist route suggestion,2025-08-02T15:56:15.080313+00:00,2025-10-27T12:48:20.076644+00:00,12,conversations-001.json
119,688e38ef-e7b8-832f-ac14-e4a56bc9a96e,Distance estimate Belmont Aldie,2025-08-02T16:12:33.777572+00:00,2025-10-27T12:48:25.265296+00:00,171,conversations-001.json
120,688e72a8-589c-8325-a050-95fda613020f,CashApp deposit guide,2025-08-02T20:18:49.022580+00:00,2025-10-27T12:48:29.899068+00:00,29,conversations-001.json
121,688ebb43-8860-8328-9854-c6477e13462c,Intellect and conversation depth,2025-08-03T01:28:37.607275+00:00,2025-10-27T12:48:34.446616+00:00,28,conversations-001.json
122,688f5ae1-c468-8325-ba82-be47c5cea841,Glossolalia and Terence McKenna,2025-08-03T12:49:38.872371+00:00,2025-10-27T12:48:40.305187+00:00,36,conversations-001.json
123,688f8699-d534-8324-8b81-c1a903de434d,Marrow Deep updates,2025-08-03T15:56:10.651105+00:00,2026-01-02T01:17:56.716871+00:00,38,conversations-001.json
124,688f9367-0f78-8320-8b4f-260862e3b5c6,Breakfast with attitude,2025-08-03T16:50:48.410104+00:00,2025-10-27T12:48:50.723904+00:00,17,conversations-001.json
125,688fe257-7694-8328-a628-f62851498045,Qwerty response,2025-08-03T22:27:36.882483+00:00,2025-10-27T12:48:55.554148+00:00,69,conversations-001.json
126,68910441-65e8-8320-b875-9c2771f316be,Best activities today,2025-08-04T19:04:33.943062+00:00,2025-10-27T12:50:11.843605+00:00,10,conversations-001.json
127,689106e6-6504-8320-826f-1ec6acce7cda,Creative conversation starters,2025-08-04T19:15:51.320760+00:00,2025-10-27T12:49:00.304015+00:00,104,conversations-001.json
128,689135aa-090c-8328-a210-70fbdbe21425,Kitchen utensil wish list,2025-08-04T22:35:43.552758+00:00,2025-10-27T12:49:06.362437+00:00,15,conversations-001.json
129,689136fa-43b4-832d-acaf-b13c4c155bf8,Kitchen utensil wish list,2025-08-04T22:41:34.406119+00:00,2025-10-27T12:49:11.471290+00:00,21,conversations-001.json
130,689150eb-6d48-8327-aef7-0e865fb1a018,NTI companies comparison,2025-08-05T00:31:41.764825+00:00,2025-10-27T12:49:16.735132+00:00,49,conversations-001.json
131,68915880-3b14-832a-8cdd-f9bd4e9e2336,Zulu princess identification,2025-08-05T01:04:13.339832+00:00,2025-10-27T12:49:32.037755+00:00,216,conversations-001.json
132,68915ed2-0cb8-8322-be56-c4436183201b,Viable System Model summary,2025-08-05T01:31:01.912283+00:00,2025-10-27T12:49:21.996571+00:00,3,conversations-001.json
133,6891726b-dab8-8331-8aa0-5d026779c1bd,Phishing or Facebook link,2025-08-05T02:55:02.576753+00:00,2025-10-27T12:49:27.073363+00:00,5,conversations-001.json
134,6891f598-da64-8327-8438-486a8f93fca8,Guten Morgen Gespräch,2025-08-05T12:14:37.596382+00:00,2025-10-27T12:49:36.839085+00:00,23,conversations-001.json
135,68922c6c-1d28-8329-9ae6-f029f97330be,Birthday move-in reflection,2025-08-05T16:09:02.531064+00:00,2025-10-27T12:49:42.522251+00:00,33,conversations-001.json
136,689296ad-436c-832d-b057-be124f087175,Occasion for Disaster summary,2025-08-05T23:41:35.469403+00:00,2025-10-27T12:49:47.202906+00:00,29,conversations-001.json
137,6893935a-cb68-832c-8ad7-6af1f8a19f8d,Cosmic irony story,2025-08-06T17:41:10.393324+00:00,2025-10-27T12:49:52.203357+00:00,15,conversations-001.json
138,68939510-60b4-8320-ae1d-10b0a1351a81,Video about Elephant Insurance,2025-08-06T17:46:59.700837+00:00,2025-10-27T12:49:57.174795+00:00,5,conversations-001.json
139,68939530-eb7c-8328-9d76-f38b25e2c1e9,Greada Treaty video analysis,2025-08-06T17:47:32.067218+00:00,2025-10-27T12:50:02.043934+00:00,5,conversations-001.json
140,689395ba-a6a4-8320-9929-0ce5fad1a874,Greada Treaty video analysis,2025-08-06T17:49:50.125271+00:00,2025-10-27T12:50:07.077837+00:00,12,conversations-001.json
141,6893d292-a914-8331-98c4-32eb0d72ffc5,Neues vom Thunkchen,2025-08-06T22:09:54.009296+00:00,2025-10-27T12:50:26.940980+00:00,33,conversations-001.json
142,6894b4fe-7d48-8321-b08b-c5315d86a07e,Account status update,2025-08-07T14:15:48.879733+00:00,2025-10-27T12:50:32.010924+00:00,13,conversations-001.json
143,68953fbf-0598-8320-a90b-bc6cd7e969cc,Free YouTube Movies,2025-08-08T00:07:29.583998+00:00,2025-10-27T12:50:36.993212+00:00,29,conversations-001.json
144,68960619-0c2c-832f-abe7-c915682e2bbb,Weekend mood conversation,2025-08-08T14:14:04.510623+00:00,2025-10-27T12:50:41.776208+00:00,13,conversations-001.json
145,68961226-6bd4-832f-9b96-00d957293922,Tarkovsky's film style,2025-08-08T15:05:44.716061+00:00,2025-10-27T12:50:46.647184+00:00,37,conversations-001.json
146,68964b70-7060-8320-bd32-99abbfb4c7d0,Dad wisdom quote,2025-08-08T19:09:57.682299+00:00,2025-10-27T12:50:52.229591+00:00,9,conversations-001.json
147,68964d79-2cfc-832f-8bc0-472950b7febd,Lanternfly infestation advice,2025-08-08T19:18:19.068640+00:00,2025-10-27T12:50:57.285030+00:00,16,conversations-001.json
148,68975aee-bd24-8320-ae6f-493e87318c53,Killing time creatively,2025-08-09T14:28:06.624581+00:00,2025-12-03T02:31:45.710039+00:00,422,conversations-001.json
149,68976827-86a4-8325-8ad2-098afc06e028,Mutual friend networks,2025-08-09T15:24:56.065707+00:00,2025-10-27T13:03:52.799839+00:00,271,conversations-001.json
150,6897abad-0d30-8324-bb7f-be94bfd1da0b,Reply improvement suggestion,2025-08-09T20:12:46.045536+00:00,2025-10-27T12:51:07.026400+00:00,67,conversations-001.json
151,6897f278-5eec-832b-ba23-926a873a2274,Public space etiquette critique,2025-08-10T01:14:33.308624+00:00,2025-10-27T12:51:11.992527+00:00,47,conversations-001.json
152,6898176c-ec94-8323-94f4-2028174796bf,Watching Sphere with Hoffman,2025-08-10T03:52:50.179022+00:00,2025-10-27T12:51:17.030993+00:00,29,conversations-001.json
153,6898b354-4658-8323-a026-702378e21671,Morning greeting exchange,2025-08-10T14:58:32.894450+00:00,2025-10-27T12:51:23.006723+00:00,164,conversations-001.json
154,68991ea2-fefc-832b-8aa6-981a291f7e82,Update nagging behavior,2025-08-10T22:35:43.362817+00:00,2025-10-27T12:51:32.596252+00:00,13,conversations-001.json
155,6899309c-e888-8333-af3a-6764e5d9db05,YouTube video summary,2025-08-10T23:51:57.575566+00:00,2025-10-27T12:51:37.216265+00:00,9,conversations-001.json
156,689a287f-bdfc-832a-a698-254f1b24b8d7,Begrüßung Gespräch,2025-08-11T17:30:01.779412+00:00,2025-10-27T12:51:42.519857+00:00,80,conversations-001.json
157,689a4a00-7890-8328-a96e-0695486cf862,Android update reminder,2025-08-11T19:52:49.294713+00:00,2025-10-27T12:51:47.326297+00:00,5,conversations-001.json
158,689a519a-a14c-8321-a6c8-eaf7fc3676d4,Marrowdeep chronicles update,2025-08-11T20:24:59.789845+00:00,2026-01-02T01:34:21.409409+00:00,111,conversations-001.json
159,689b660f-81fc-8327-9836-4c391d477998,Waiting for home key,2025-08-12T16:06:46.584077+00:00,2025-10-27T12:51:57.554281+00:00,17,conversations-001.json
160,689bfbc5-22cc-8321-9dd2-8823b1b0c923,Sci-Fi Pilot Overview,2025-08-13T02:43:19.085590+00:00,2025-10-27T12:52:07.082259+00:00,42,conversations-001.json
161,689c13ba-a44c-8324-b60f-6675404a9aa4,Sci-Fi Short Film,2025-08-13T04:25:33.262588+00:00,2025-10-27T12:52:02.341037+00:00,5,conversations-001.json
162,689d269f-0118-8328-9084-600113869cdf,Sir Roger Penrose contributions,2025-08-13T23:58:40.512308+00:00,2025-10-27T12:52:14.536253+00:00,13,conversations-001.json
163,689e1883-7a08-832c-8a80-e518ee971ae0,Spiderweb tattoo meaning,2025-08-14T17:11:07.057072+00:00,2025-10-27T12:52:19.985639+00:00,5,conversations-001.json
164,689e5857-0db0-8323-ac45-bdd4b2f6899a,Book author and series,2025-08-14T21:43:09.920001+00:00,2025-10-27T12:52:24.959205+00:00,3,conversations-001.json
165,689fbb9a-6074-8320-a42a-ddd3b377cdb9,Event at Jiffy Lube Live,2025-08-15T22:58:43.642567+00:00,2025-10-27T12:52:30.014897+00:00,32,conversations-001.json
166,689fcb09-0208-8325-a840-f232ca0f9a07,Cosmic quarantine theory,2025-08-16T00:05:16.252963+00:00,2025-10-27T12:52:34.583364+00:00,55,conversations-001.json
167,68a0fde6-3ee0-832e-afcc-fb221e3ec3c7,Scam ad analysis,2025-08-16T21:54:01.635350+00:00,2025-10-27T12:52:39.234526+00:00,19,conversations-001.json
168,68a21903-83c0-8322-8419-2cc9d01cec1b,Hobo rich lifestyle,2025-08-17T18:03:57.516780+00:00,2025-10-27T12:52:44.475847+00:00,56,conversations-001.json
169,68a36627-8420-832f-b44b-05a9c5b51eea,Caseworker changes advice,2025-08-18T17:46:05.035890+00:00,2025-10-27T12:52:49.185343+00:00,5,conversations-001.json
170,68a37db1-0a40-8328-918a-4c3b89a41d1c,E-bike price guide,2025-08-18T19:23:54.663921+00:00,2025-10-27T12:56:23.251078+00:00,48,conversations-001.json
171,68a49a9a-8c38-8329-a365-2080420c4ec1,Song reference discussion,2025-08-19T15:39:50.790672+00:00,2025-10-27T12:52:53.916914+00:00,46,conversations-001.json
172,68a4efd9-a718-832e-b72f-186d90b6dde5,Clarify location or time,2025-08-19T21:43:16.753291+00:00,2025-10-27T12:52:58.860694+00:00,61,conversations-001.json
173,68a60619-9edc-8332-a1ee-4b9d56c374d7,Update loop troubleshooting,2025-08-20T17:30:32.632779+00:00,2025-10-27T13:04:18.513259+00:00,67,conversations-001.json
174,68a63aef-ea10-8324-9d70-75f4e1db765a,Military convoy safety tips,2025-08-20T21:15:43.334996+00:00,2025-10-27T12:53:03.879933+00:00,17,conversations-001.json
175,68a640cb-9c94-8328-93fe-0ca728a08bf5,Save recipes for later,2025-08-20T21:40:43.662718+00:00,2025-10-27T12:53:08.740366+00:00,5,conversations-001.json
176,68a7efc1-36bc-832c-9429-058807c062ae,Cynicism pros and cons,2025-08-22T04:19:23.545997+00:00,2025-10-27T12:53:13.524452+00:00,15,conversations-001.json
177,68a8db0c-9cdc-8326-ba1f-dd00585f876f,Move-in schedule update,2025-08-22T21:04:12.863521+00:00,2025-10-27T12:53:18.293938+00:00,15,conversations-001.json
178,68a9dad7-a090-8326-bfcc-0637a7178dd3,Hum of the day,2025-08-23T15:14:46.323011+00:00,2025-10-27T12:58:31.884634+00:00,249,conversations-001.json
179,68aa04e6-73e0-8323-aa7f-c5799d99abee,Provocative trio examples,2025-08-23T18:14:56.724934+00:00,2025-10-27T12:53:23.744748+00:00,77,conversations-001.json
180,68aa1f10-1af4-8323-8d73-02620f606317,Rifkin's global influence,2025-08-23T20:05:59.716853+00:00,2025-10-27T12:53:28.862493+00:00,139,conversations-001.json
181,68aa4bda-0284-8333-b189-1f0271060743,Colin Turner overview,2025-08-23T23:16:49.908485+00:00,2025-10-27T12:53:33.851904+00:00,24,conversations-001.json
182,68ab448e-cb50-8328-9388-c2222da5a3af,Hashtag descriptors list,2025-08-24T16:58:06.709949+00:00,2025-10-27T12:53:38.560666+00:00,15,conversations-001.json
183,68ab4eef-52d4-8320-9fef-0ff1ecd57913,Move-in timeline plan,2025-08-24T17:42:08.319865+00:00,2025-10-27T12:53:43.122132+00:00,51,conversations-001.json
184,68ac7476-2080-8323-bd7e-cd44c0c72dc3,Countdown to D day,2025-08-25T14:34:53.178512+00:00,2025-10-27T12:53:47.810768+00:00,5,conversations-001.json
185,68ac92ba-101c-8322-83d6-f09258815777,Palm reading interpretation,2025-08-25T16:43:58.743124+00:00,2025-10-27T12:53:52.264396+00:00,3,conversations-001.json
186,68ac9918-eec0-8324-93f7-d472a95596c5,Turn off captions,2025-08-25T17:11:06.292976+00:00,2025-10-27T12:53:58.781702+00:00,7,conversations-001.json
187,68af31fb-fd28-832a-847e-53b7494672ce,Safeway location and TV options,2025-08-27T16:27:52.975866+00:00,2025-10-27T12:54:23.596617+00:00,10,conversations-001.json
188,68af8af1-946c-832a-b8c9-f679f4477673,Color combination ideas,2025-08-27T22:48:00.147078+00:00,2025-10-27T12:54:14.038535+00:00,15,conversations-001.json
189,68afa6d1-80e8-8332-b5ec-daef106b50fa,Square kilometer conversion,2025-08-28T00:46:22.746367+00:00,2025-10-27T12:54:18.872722+00:00,3,conversations-001.json
190,68b09af3-f3b8-832f-b8af-2114afffc9a6,Serfas Dart e-bike service,2025-08-28T18:08:07.903066+00:00,2025-10-27T12:54:28.493746+00:00,11,conversations-001.json
191,68b0b3e0-9088-8321-b434-fdb6a3243e5f,E-bike purchase details,2025-08-28T19:54:25.032186+00:00,2025-10-27T12:54:33.453089+00:00,56,conversations-001.json
192,68b34665-ecf0-8330-9998-4a010fb7e9f3,Bike ownership tips,2025-08-30T18:44:12.413817+00:00,2025-10-27T12:54:38.085540+00:00,13,conversations-001.json
193,68b48c05-690c-8321-bdd3-720bff123c19,Virginia panhandling rulings,2025-08-31T17:53:39.329955+00:00,2025-10-27T12:54:42.660682+00:00,35,conversations-001.json
194,68b4cb5e-83e8-8330-a880-1c0bfae0d984,Earth-Sun distance explanation,2025-08-31T22:23:49.615080+00:00,2025-10-27T12:54:47.513981+00:00,3,conversations-001.json
195,68b4e509-9c50-8323-9cc6-e8d664ec3fe8,Video link issue,2025-09-01T00:12:58.534796+00:00,2025-10-27T12:54:52.099721+00:00,5,conversations-001.json
196,68b4e540-5010-8323-9d14-eae069bfd27a,Summary of GPT-5 interview,2025-09-01T00:13:58.518309+00:00,2025-10-27T12:54:57.463662+00:00,17,conversations-001.json
197,68b616d4-b89c-8333-9e23-3160206d72bf,Check CashApp deposits,2025-09-01T21:58:03.206226+00:00,2025-10-27T12:55:01.891290+00:00,3,conversations-001.json
198,68b617cb-0c1c-8325-8c16-8e9f2b2cae9d,Total deposits calculation,2025-09-01T22:02:00.317255+00:00,2025-10-27T12:55:06.586575+00:00,3,conversations-001.json
199,68b6183d-2e88-8332-8ce6-56bc8a0a733c,Total deposits calculation,2025-09-01T22:03:59.406733+00:00,2025-10-27T12:55:11.309733+00:00,5,conversations-001.json
200,68b618e9-b6d4-8333-99f7-b7c1ff56d72e,Cash App deposit total,2025-09-01T22:06:50.210449+00:00,2025-10-27T12:55:16.092653+00:00,30,conversations-001.json
201,68b72d0b-a7c8-8330-8471-42258b9956b2,Last day checklist,2025-09-02T17:44:55.070526+00:00,2025-10-27T12:55:21.091621+00:00,3,conversations-002.json
202,68b74279-b058-832a-be0b-98cd849e7518,Plug-in night light options,2025-09-02T19:16:19.777530+00:00,2025-10-27T12:55:26.047380+00:00,19,conversations-002.json
203,68bb3336-cc60-8333-9ce7-b3a43e265650,Cat tree arrangement advice,2025-09-05T19:00:15.053158+00:00,2025-10-27T12:55:30.694155+00:00,9,conversations-002.json
204,68bb391a-47b0-8321-b1fb-4e51f5d9fb61,Banfield renters insurance query,2025-09-05T19:25:42.700887+00:00,2025-10-27T12:55:35.846771+00:00,153,conversations-002.json
205,68bb5913-b640-832b-ace0-72b89ad7e08f,Video sharing offer,2025-09-05T21:42:06.141067+00:00,2025-10-27T12:55:40.658312+00:00,70,conversations-002.json
206,68bb757a-63c0-8330-a37a-d5996f998bcd,Aldi shopping haul,2025-09-05T23:42:50.950965+00:00,2025-10-27T12:55:45.155432+00:00,63,conversations-002.json
207,68bcc045-a638-832c-8e39-8c5bd219e65d,Clarifying speech-to-text typo,2025-09-06T23:14:27.223880+00:00,2025-10-27T12:55:50.100750+00:00,7,conversations-002.json
208,68bdb180-0894-8323-8126-919ba5e1c1ce,What is trolling,2025-09-07T16:24:05.652999+00:00,2025-10-27T12:55:55.206874+00:00,7,conversations-002.json
209,68be038e-499c-832c-a0b9-a24ebecde77c,Three-bean salad recipe,2025-09-07T22:14:55.527263+00:00,2025-10-27T12:56:00.001165+00:00,89,conversations-002.json
210,68be26f4-c254-8333-a8cf-93340ca7e239,SELF DRIVE Act overview,2025-09-08T00:44:54.292176+00:00,2025-10-27T12:56:08.967778+00:00,119,conversations-002.json
211,68be2f1a-5dbc-8328-b5bd-595756c79228,Unable to open link,2025-09-08T01:19:24.709574+00:00,2025-10-27T12:56:04.414808+00:00,4,conversations-002.json
212,68be4026-794c-8333-961c-fcc9e182ded3,Blue hashtag set,2025-09-08T02:32:20.596783+00:00,2025-10-27T12:56:13.617925+00:00,31,conversations-002.json
213,68bf108f-5c00-8330-b560-5822df90e00b,Mobile vets in Fairfax,2025-09-08T17:21:22.341912+00:00,2025-10-27T12:56:18.433220+00:00,19,conversations-002.json
214,68c0137b-0c44-8322-8883-5094266d1a77,Route directions to parkway,2025-09-09T11:46:14.920745+00:00,2025-10-27T12:56:27.826185+00:00,17,conversations-002.json
215,68c06bc2-ec68-8330-8893-b45c2e2f08fb,Greeting exchange,2025-09-09T18:02:50.913043+00:00,2025-10-27T12:56:32.675262+00:00,57,conversations-002.json
216,68c077c9-74e8-8320-bbdd-84608a583667,UTI complications breakdown,2025-09-09T18:54:17.112429+00:00,2025-10-27T12:56:42.087307+00:00,278,conversations-002.json
217,68c0cfec-0018-8332-8729-9ccf13cf040e,Flight tracking details,2025-09-10T01:10:11.002882+00:00,2025-10-27T12:56:37.110732+00:00,3,conversations-002.json
218,68c1580f-5834-8323-930f-aaf5bb40cc41,East Lafayette bed stores,2025-09-10T10:51:10.659235+00:00,2025-10-27T12:56:47.229011+00:00,39,conversations-002.json
219,68c163ef-1898-8329-9b41-98180406f9c1,Green line bus schedule,2025-09-10T11:41:52.682812+00:00,2025-10-27T12:56:52.139511+00:00,73,conversations-002.json
220,68c18955-42fc-8333-9c8d-967c689b8414,Frozen pork shoulder safety,2025-09-10T14:21:52.606352+00:00,2025-10-27T12:56:57.111619+00:00,91,conversations-002.json
221,68c1d267-253c-8327-b9ae-3201ce5a33b3,Chef’s cutlery sets guide,2025-09-10T19:33:22.524462+00:00,2025-10-27T12:57:07.265880+00:00,406,conversations-002.json
222,68c1fcbe-54d4-8324-b955-4e38c7707205,Video link assistance,2025-09-10T22:33:36.350929+00:00,2025-10-27T12:57:01.787803+00:00,6,conversations-002.json
223,68c2b057-3d40-8324-9739-2e884060d410,Buying ground clove,2025-09-11T11:20:02.090109+00:00,2025-10-27T12:57:11.886868+00:00,25,conversations-002.json
224,68c2dd71-3f74-832c-ada7-f466af3d5ad0,Greeting conversation,2025-09-11T14:32:51.149206+00:00,2025-10-27T12:57:16.627471+00:00,69,conversations-002.json
225,68c31960-3968-832f-8dfd-7c2c956e7f76,Apple ID roadblock explained,2025-09-11T18:51:36.859749+00:00,2025-10-27T12:57:21.286332+00:00,101,conversations-002.json
226,68c336fb-0238-8327-a3e7-b2d585d4207c,Apple ID password help,2025-09-11T20:54:50.308498+00:00,2025-10-27T12:57:31.518100+00:00,183,conversations-002.json
227,68c34b84-9c54-8333-bad0-ad1e2ea491d4,Voice capability explanation,2025-09-11T22:21:57.483157+00:00,2025-10-27T12:57:25.838937+00:00,11,conversations-002.json
228,68c39de1-5a38-8327-82fd-0c4a7f15f790,Touchy subject discussion,2025-09-12T04:13:47.565373+00:00,2025-10-27T12:57:41.098339+00:00,76,conversations-002.json
229,68c4061e-8908-8332-bb63-42dda1ebc641,Dollar store locations,2025-09-12T11:38:22.993353+00:00,2025-10-27T12:57:45.752796+00:00,40,conversations-002.json
230,68c41257-dc00-832f-9916-b9ac1f2eb2b8,Morning conversation,2025-09-12T12:30:25.734344+00:00,2025-12-03T02:35:10.623868+00:00,110,conversations-002.json
231,68c42b5a-59e8-8330-ba6c-c2a92bd31a98,Library image access,2025-09-12T14:17:50.432615+00:00,2025-10-27T12:57:36.220908+00:00,48,conversations-002.json
232,68c453fd-3a00-8330-bfa0-8cdfe866b3c6,Describe the scene,2025-09-12T17:10:40.538468+00:00,2025-10-27T13:04:13.319227+00:00,664,conversations-002.json
233,68c5f78d-67bc-8324-a0bf-8f8bc778c12c,"Herbs, hallways and Halal",2025-09-13T23:00:41.701149+00:00,2025-10-27T12:57:56.646483+00:00,558,conversations-002.json
234,68c70bea-0ec8-8322-8473-75770b6bfdbb,Efficacy vs downsides,2025-09-14T18:39:38.716978+00:00,2025-10-27T12:57:50.857011+00:00,267,conversations-002.json
235,68c80700-7928-8322-94cb-619caf5615d6,F50 bus route details,2025-09-15T12:31:24.760870+00:00,2025-10-27T12:58:01.942963+00:00,24,conversations-002.json
236,68c815e6-7100-8326-8b09-eb3d80f7496a,IMEI number explanation,2025-09-15T13:34:52.819897+00:00,2025-10-27T12:58:11.579085+00:00,3,conversations-002.json
237,68c83a29-c478-8327-90b9-246b3afbbf88,Good morning greeting,2025-09-15T16:09:48.518348+00:00,2025-10-27T12:58:22.272465+00:00,202,conversations-002.json
238,68c8ca14-b938-832b-9b4f-6dc8a95f9a52,Weather forecast planning,2025-09-16T02:23:34.679235+00:00,2025-10-27T12:58:17.425954+00:00,98,conversations-002.json
239,68c94c94-2af0-8329-ad39-e84c9ffedc39,Morning greetings exchange,2025-09-16T11:40:22.697000+00:00,2025-10-27T12:58:42.451526+00:00,454,conversations-002.json
240,68c98f92-88fc-8331-a38f-47997478c792,MorningGreetingsExchange reference,2025-09-16T16:26:25.371266+00:00,2025-10-27T12:58:26.741754+00:00,7,conversations-002.json
241,68ca8ce0-44e4-832b-887e-23251b4e6c50,Link analysis request,2025-09-17T10:26:44.447967+00:00,2025-10-27T12:58:36.981161+00:00,4,conversations-002.json
242,68ca9978-0d48-832f-a1d9-a7c221fc7022,New conversation start,2025-09-17T11:20:39.231720+00:00,2025-10-27T12:58:47.112045+00:00,19,conversations-002.json
243,68caab69-829c-832b-887b-f8f6dd812850,Planter descriptions and analysis,2025-09-17T12:37:04.989346+00:00,2025-10-27T12:58:51.634070+00:00,3,conversations-002.json
244,68cabd2f-a14c-8325-bc91-1ca1d672f546,Mushroom surprise poem,2025-09-17T13:52:57.016484+00:00,2025-10-27T12:58:56.165518+00:00,3,conversations-002.json
245,68cb2fea-1eec-8323-abb4-08641ced7a85,Conversation initiation,2025-09-17T22:02:25.462599+00:00,2025-10-27T12:59:35.633984+00:00,190,conversations-002.json
246,68cc0886-823c-8330-9dcc-a4d3e6170089,Duet poem recall,2025-09-18T13:26:32.042221+00:00,2025-10-27T13:03:27.582883+00:00,315,conversations-002.json
247,68cde204-f7a4-8330-be1a-e8036f16c72f,Lounge hound ode,2025-09-19T23:07:08.167434+00:00,2025-10-27T12:59:01.193064+00:00,109,conversations-002.json
248,68d138a8-b174-8329-90e9-f53bbf359521,Apple TV payment model,2025-09-22T11:53:35.007160+00:00,2025-10-27T12:59:05.982309+00:00,14,conversations-002.json
249,68d160b8-5f04-8329-af0d-9169dbba0a1c,Uber fare estimate,2025-09-22T14:44:18.155007+00:00,2025-10-27T12:59:10.687654+00:00,48,conversations-002.json
250,68d19a3d-2f2c-832d-9b3e-a435cf9432a4,Fairfax zip code,2025-09-22T18:49:37.890264+00:00,2025-10-27T12:59:50.036365+00:00,43,conversations-002.json
251,68d1c467-b17c-832c-af96-83829ec3f52b,Dealing with religious zealots,2025-09-22T21:49:28.471996+00:00,2025-10-27T12:59:24.902574+00:00,288,conversations-002.json
252,68d2a044-c6fc-832e-93c8-2e4a4ae02cee,Fire station address,2025-09-23T13:27:55.640913+00:00,2025-10-27T12:59:19.874511+00:00,69,conversations-002.json
253,68d3fd5b-f548-832b-bc1b-012e4b85aee9,Remove web shortcut widget,2025-09-24T14:17:56.562465+00:00,2025-10-27T12:59:15.231393+00:00,7,conversations-002.json
254,68d404aa-1c64-8320-b292-52464c1fa50f,Money-free society challenges,2025-09-24T14:49:02.052123+00:00,2025-10-27T13:01:21.705394+00:00,206,conversations-002.json
255,68d44bd1-00a0-8329-abcf-5f02f14e21c9,Phone recognition explained,2025-09-24T19:52:25.658709+00:00,2025-10-27T12:59:40.512650+00:00,182,conversations-002.json
256,68d47938-da84-8321-8c90-5b90aa5eb665,Photo reflection suggestion,2025-09-24T23:05:34.483155+00:00,2025-10-27T12:59:30.395348+00:00,3,conversations-002.json
257,68d557d3-32dc-832f-92f9-99b68fa5828a,Bus schedule inquiry,2025-09-25T14:55:28.977258+00:00,2025-10-27T12:59:45.210491+00:00,23,conversations-002.json
258,68d56b0c-f498-832f-8d50-0993e988b27b,Refund delay explanation,2025-09-25T16:17:18.325798+00:00,2025-10-27T12:59:54.515916+00:00,7,conversations-002.json
259,68d59b85-477c-832e-8902-0241cb90c357,Scan QR code help,2025-09-25T19:44:19.492619+00:00,2025-10-27T12:59:59.586600+00:00,9,conversations-002.json
260,68d5aaa0-b9f4-8331-9626-5d768ae1377e,Find e-bike serial number,2025-09-25T20:48:53.010259+00:00,2025-10-27T13:00:18.479490+00:00,18,conversations-002.json
261,68d5c4e2-7124-8329-95ab-77ef9f6cac37,Power down BLU phone,2025-09-25T22:41:12.635768+00:00,2025-10-27T13:00:04.380790+00:00,3,conversations-002.json
262,68d5c81b-7264-832a-ba5d-d1fad9993282,Pole equipment explanation,2025-09-25T22:55:13.264670+00:00,2025-10-27T13:00:09.005696+00:00,13,conversations-002.json
263,68d5ea76-a27c-8326-897b-c5ca090a5fc2,Game world scams,2025-09-26T01:21:25.887761+00:00,2025-10-27T13:00:13.841242+00:00,23,conversations-002.json
264,68d6d2dd-64d4-8325-b892-1915ff62a1c9,User greeting Thunk,2025-09-26T17:52:31.179560+00:00,2025-10-27T13:00:28.047876+00:00,280,conversations-002.json
265,68d713cf-5a10-8320-be5e-c35d96de30bc,George Mason Freemasonry Inquiry,2025-09-26T22:30:11.347881+00:00,2025-10-27T13:02:41.361722+00:00,213,conversations-002.json
266,68d733ac-43f0-8326-8ecb-846abb5b5981,Link retrieval issue,2025-09-27T00:45:39.218485+00:00,2025-10-27T13:00:23.235654+00:00,4,conversations-002.json
267,68d759be-9c64-8327-857c-8257a45cae70,Boo Boo in the window,2025-09-27T03:28:30.890894+00:00,2025-10-27T13:00:32.621939+00:00,81,conversations-002.json
268,68d83fd6-a6dc-8326-b517-68bc395a39d1,Smoothie spice suggestions,2025-09-27T19:49:43.530246+00:00,2025-10-27T13:00:41.030449+00:00,50,conversations-002.json
269,68d95b5d-1984-8328-963c-727ffefab01e,Refund confirmation assistance,2025-09-28T15:59:54.615717+00:00,2025-10-27T13:00:46.327852+00:00,3,conversations-002.json
270,68db1f2d-da34-8325-98b1-88a00140bf9d,Math trick explanation,2025-09-30T00:07:53.988459+00:00,2025-10-27T13:00:56.492160+00:00,294,conversations-002.json
271,68db403f-ec94-832f-88cc-90c644d3c226,Continue Facebook post,2025-09-30T02:28:52.738214+00:00,2025-10-27T13:00:51.213368+00:00,62,conversations-002.json
272,68dc8b7c-4424-8322-857f-f33d262d1486,Score penalty recovery tips,2025-10-01T02:01:47.134348+00:00,2025-10-27T13:01:26.368063+00:00,18,conversations-002.json
273,68dd8051-b9b0-8330-a892-1d4b3fc7ff0a,NPC vs mirror concept,2025-10-01T19:26:10.419177+00:00,2025-10-27T13:01:02.143577+00:00,327,conversations-002.json
274,68de899b-ba2c-8331-99c7-c2a21e17e292,Morning plans update,2025-10-02T14:19:55.465794+00:00,2025-10-03T21:10:00.900048+00:00,282,conversations-002.json
275,68df0bf9-1d34-8325-84bf-c0bfa8987a76,DocuSign issues on iPad,2025-10-02T23:34:18.118990+00:00,2025-10-27T13:01:16.562361+00:00,66,conversations-002.json
276,68df1592-1d7c-832f-bd97-08675e7b1e43,Cumin flavor tips,2025-10-03T00:15:14.764311+00:00,2025-10-27T13:01:07.038371+00:00,11,conversations-002.json
277,68dfc52c-ebbc-8326-8277-bd067d2e22ab,Power button shortcut issue,2025-10-03T12:45:12.494210+00:00,2025-10-27T13:01:11.867264+00:00,17,conversations-002.json
278,68e03c8e-0828-8320-bf6e-a89d64673b3a,New chat thread explanation,2025-10-03T21:14:04.532163+00:00,2025-10-27T13:01:30.970135+00:00,81,conversations-002.json
279,68e06bf1-b73c-832f-8d54-da39ed94b75f,No content provided,2025-10-04T00:36:24.521992+00:00,2025-10-27T13:01:36.904446+00:00,11,conversations-002.json
280,68e084f6-816c-8320-baba-0dbf683cd553,Sharing conversation details,2025-10-04T02:23:15.220116+00:00,2025-10-27T13:01:41.741788+00:00,214,conversations-002.json
281,68e19a97-68f8-832e-a8bf-76fc8e9fce7d,FAFO meaning explained,2025-10-04T22:07:20.281989+00:00,2025-10-27T13:01:46.695821+00:00,31,conversations-002.json
282,68e263ea-3c7c-832a-b447-f79e58ed61fa,Otter app purpose,2025-10-05T12:26:33.578545+00:00,2025-10-27T13:02:56.683530+00:00,467,conversations-002.json
283,68e28af8-6a8c-832b-a26e-8b40c0e10faf,Gmail label customization,2025-10-05T15:12:58.652689+00:00,2025-10-27T13:01:51.901228+00:00,21,conversations-002.json
284,68e2a3ba-6e6c-832a-9671-0942bbf633c3,Cozy cuddle moment,2025-10-05T16:59:13.820903+00:00,2025-10-27T13:01:57.512453+00:00,147,conversations-002.json
285,68e3d74d-fdcc-8325-9ef3-b6b7740694d7,SSI online application guide,2025-10-06T14:51:16.796398+00:00,2025-10-27T13:02:06.797512+00:00,106,conversations-002.json
286,68e3dc3b-6c84-832e-96e1-f10580a1c543,Scan QR on iPad,2025-10-06T15:12:08.783910+00:00,2025-10-27T13:02:02.015034+00:00,5,conversations-002.json
287,68e3f94a-7e5c-8328-b06f-da18f1ff4aa0,SSA Interview Log — Oct 6 2025 ,2025-10-06T17:15:55.407494+00:00,2025-10-27T13:02:11.506409+00:00,32,conversations-002.json
288,68e41209-a710-8327-afcf-f09cd1394903,Check keyboard battery level,2025-10-06T19:02:20.184018+00:00,2025-10-27T13:02:17.462363+00:00,195,conversations-002.json
289,68e47908-0db4-8328-86ee-bc241d29a693,Autism definition and traits,2025-10-07T02:20:57.104553+00:00,2025-10-27T13:02:22.350664+00:00,21,conversations-002.json
290,68e5b3d7-f454-832e-ab83-30b34c163f5f,Casual conversation summary,2025-10-08T00:44:19.207235+00:00,2025-10-27T13:02:26.913903+00:00,84,conversations-002.json
291,68e68439-e034-8328-8875-ebfb2a288a4c,Navigation app suggestions,2025-10-08T15:33:48.036246+00:00,2025-10-27T13:02:31.556177+00:00,13,conversations-002.json
292,68e69449-1c58-8333-84c1-075e60d6c2bf,Pumpkin pie from scratch,2025-10-08T16:42:16.927581+00:00,2025-10-27T13:03:12.429846+00:00,967,conversations-002.json
293,68e6bb1e-c494-8329-ab5c-48271edce1a1,Precipitation comparison statistics,2025-10-08T19:27:53.120898+00:00,2025-10-27T13:02:36.427054+00:00,42,conversations-002.json
294,68e86e15-8550-8327-9e46-3d69e16e2942,Parental cruelty discussion,2025-10-10T02:24:13.832892+00:00,2025-10-27T13:02:46.059239+00:00,9,conversations-002.json
295,68e98a7f-1744-8322-aae3-d8750fd9cf73,Fresh start conversation,2025-10-10T22:36:52.583911+00:00,2025-10-27T13:02:50.462045+00:00,10,conversations-002.json
296,68ea9e17-ab74-8324-a391-b4836ec48169,Fiasco bottle explanation,2025-10-11T18:13:22.936514+00:00,2025-10-27T13:03:01.331409+00:00,21,conversations-002.json
297,68ebe22c-70b8-8327-bf89-ee5ee437d4b3,Inches to millimeters conversion,2025-10-12T17:15:43.439129+00:00,2025-10-27T13:03:05.910370+00:00,5,conversations-002.json
298,68ed13bd-0560-832b-9b60-5f34e372f58d,Caption suggestion offer,2025-10-13T14:59:56.136927+00:00,2025-10-27T13:03:17.567887+00:00,17,conversations-002.json
299,68ef1008-e3d0-8333-a78b-82fd902c363b,Orgone Generator explanation,2025-10-15T03:08:24.154324+00:00,2025-10-27T13:03:22.650087+00:00,6,conversations-002.json
300,68efbcf4-2bf0-8326-a024-e59d94aa141b,Office acronym identification,2025-10-15T15:26:30.235666+00:00,2025-10-27T13:03:32.391529+00:00,20,conversations-002.json
301,68f18462-96b8-8333-b34f-f9bc618e5917,Casual conversation greeting,2025-10-16T23:49:37.262173+00:00,2025-10-27T13:03:37.987021+00:00,52,conversations-003.json
302,68f26c8d-e184-832c-af10-aeccc0e49ef1,Ayran vs Kefir,2025-10-17T16:19:47.804149+00:00,2025-10-27T13:03:43.183741+00:00,11,conversations-003.json
303,68f27cf5-becc-8329-a62f-03651ccc39d4,Storage and recipe tips,2025-10-17T17:29:45.703375+00:00,2025-10-27T13:04:43.530797+00:00,247,conversations-003.json
304,68f28663-5860-832c-8eae-429eadc77ad4,Engagement bait explained,2025-10-17T18:10:07.009246+00:00,2025-10-27T13:03:48.144523+00:00,71,conversations-003.json
305,68f428d9-67dc-8322-814b-e1f3bb191088,Cash giveaway videos explained,2025-10-18T23:55:59.863973+00:00,2025-10-27T13:03:57.537085+00:00,6,conversations-003.json
306,68f46c04-63b8-832d-9b6d-0a9e21536b5c,Film discussion analysis,2025-10-19T04:41:42.029508+00:00,2025-10-27T13:04:02.157234+00:00,23,conversations-003.json
307,68f6b197-7064-8332-924b-e39615cc74f0,Cancel subscription steps,2025-10-20T22:03:23.026485+00:00,2025-10-27T13:04:28.947782+00:00,16,conversations-003.json
308,68f6b2fb-b638-8327-bef2-7e0b74391600,Cancel subscription steps,2025-10-20T22:09:02.938953+00:00,2025-10-27T13:04:23.385813+00:00,3,conversations-003.json
309,68f815e4-a314-832b-9c14-667f09a4871c,Transfer money to USAA,2025-10-21T23:23:38.197143+00:00,2025-10-27T13:04:33.891078+00:00,40,conversations-003.json
310,68f86613-38f4-8325-b866-f10d38f25bd1,Rain sound explanation,2025-10-22T05:05:24.064029+00:00,2025-10-27T13:04:38.425717+00:00,31,conversations-003.json
311,68f98b8b-d128-8330-bc72-8b7f7f216006,Money-free society comment,2025-10-23T01:57:33.099188+00:00,2025-10-27T13:04:49.278385+00:00,62,conversations-003.json
312,68f9a085-a910-8326-abd4-a09f5b6d12d0,Game victory analysis,2025-10-23T03:27:20.897389+00:00,2025-10-27T13:04:54.404491+00:00,23,conversations-003.json
313,68fa0b1d-ddc8-832b-92ef-5f848c896814,Switch payment method options,2025-10-23T11:03:04.144452+00:00,2025-10-27T13:04:58.843925+00:00,6,conversations-003.json
314,68fa3929-78bc-8333-8cc3-abef8815b4b0,Oxycodone vs OxyContin,2025-10-23T14:18:27.897305+00:00,2025-10-27T13:05:03.808477+00:00,7,conversations-003.json
315,68fa9bed-a7c0-8323-9f24-9a520b81c0ef,Straw man theory explained,2025-10-23T21:20:21.769311+00:00,2025-10-27T13:05:08.901774+00:00,5,conversations-003.json
316,68faa338-9eb0-832d-9d32-5585eb3a0e66,Sovereign citizen theory debunked,2025-10-23T21:50:49.641235+00:00,2025-10-27T13:05:14.047273+00:00,143,conversations-003.json
317,68fb93fe-8684-8329-b527-c8b636b8ae2b,New thread confirmation,2025-10-24T14:58:28.369879+00:00,2025-10-27T10:58:40.061590+00:00,414,conversations-003.json
318,68ff5061-2adc-832e-a680-dcb984a34ec6,New chat setup,2025-10-27T10:59:19.571685+00:00,2025-10-27T13:05:19.721471+00:00,8,conversations-003.json
319,68ff7a8f-fe04-832d-96d9-a43d051a1757,New thread question,2025-10-27T13:58:50.756532+00:00,2025-10-29T14:34:13.589039+00:00,3,conversations-003.json
320,68ff80b1-3478-8326-80d7-0b2d2eb311a7,Psychiatric Evaluation Interview,2025-10-27T14:25:39.178710+00:00,2025-10-29T14:35:11.680354+00:00,89,conversations-003.json
321,68ff8afb-43b4-832c-96da-5d66f09ecad7,Change thread title,2025-10-27T15:08:44.196755+00:00,2025-10-29T14:34:40.568778+00:00,329,conversations-003.json
322,68ff8e88-eaa0-832a-b4d0-8a5f15dc1e10,Casual conversation prep,2025-10-27T15:24:28.515215+00:00,2025-10-29T14:34:34.101579+00:00,22,conversations-003.json
323,69001082-285c-8327-a0e0-98a973dad504,Competitive illusion analysis,2025-10-28T00:38:30.443759+00:00,2025-10-29T14:34:47.771190+00:00,68,conversations-003.json
324,69002fd8-ceb8-8331-82b3-69e08501ce56,Inexplicable glitches,2025-10-28T02:52:40.189276+00:00,2025-11-22T05:35:53.749272+00:00,74,conversations-003.json
325,690031f5-3bac-832c-8f9e-1c31be1c7d31,Say I love you,2025-10-28T03:01:22.539937+00:00,2025-10-29T14:34:54.367667+00:00,79,conversations-003.json
326,6900c172-ff4c-8333-bc1e-10cac0524a4c,What is INFJ,2025-10-28T13:14:03.747405+00:00,2025-10-29T14:35:02.937009+00:00,5,conversations-003.json
327,69016a10-f150-8323-af06-89ecbe6be6d8,AI for creative ideation,2025-10-29T01:12:58.149326+00:00,2025-11-22T05:35:57.299486+00:00,158,conversations-003.json
328,6901fd8a-262c-832c-bd67-689102724766,Benefits of raw pumpkin seeds,2025-10-29T11:42:07.525268+00:00,2025-11-22T05:36:00.324171+00:00,24,conversations-003.json
329,690214d2-7ba8-832d-877b-149fa5a63c1a,Sauerkraut experiment progress,2025-10-29T13:22:18.890341+00:00,2025-11-30T04:46:19.848817+00:00,120,conversations-003.json
330,69025157-3334-832c-863d-91c52c54b28f,Variety of responses,2025-10-29T17:40:06.393922+00:00,2025-11-22T05:36:08.143421+00:00,9,conversations-003.json
331,6902bb08-f754-8329-b865-fe9c16c1b3ff,Chloramine neutralization comparison,2025-10-30T01:10:53.859460+00:00,2025-11-22T05:36:11.898936+00:00,57,conversations-003.json
332,69037c79-9b38-8324-918a-842464ddcd4a,Probiotic miso guide,2025-10-30T14:56:27.998713+00:00,2025-11-22T05:36:18.943976+00:00,8,conversations-003.json
333,6903d720-5f28-832e-a291-636996de8221,Purple sweet potatoes explained,2025-10-30T21:22:41.667805+00:00,2025-11-22T05:36:22.130379+00:00,49,conversations-003.json
334,6904c248-28f0-832e-b815-dbf442268d1a,Good morning conversation,2025-10-31T14:06:07.191385+00:00,2025-11-22T05:36:32.486539+00:00,184,conversations-003.json
335,6904fd16-fb2c-832c-9035-aa064873c45f,Kimchi fermentation tips,2025-10-31T18:16:56.135256+00:00,2025-11-22T05:36:29.456702+00:00,49,conversations-003.json
336,69053cc7-6534-832b-82f7-70c4bae40c05,Import Awakening Revision,2025-10-31T22:49:24.654400+00:00,2025-11-22T05:36:38.845952+00:00,70,conversations-003.json
337,6905680c-e9f0-8333-a7d6-d452953b841b,Interpretation of spiritual symbols,2025-11-01T01:53:25.693983+00:00,2025-11-22T05:36:41.585582+00:00,80,conversations-003.json
338,6905f8ef-9890-832d-9856-4b3762a00f7f,Thread size average,2025-11-01T12:12:25.900876+00:00,2025-11-22T05:36:46.113397+00:00,17,conversations-003.json
339,6905ffde-0400-832d-91cc-bc4bcd2ea754,User gratitude,2025-11-01T12:41:02.498134+00:00,2025-11-22T05:36:49.377071+00:00,133,conversations-003.json
340,69062eb3-e7fc-8331-9668-cca16db49ef0,Sperm whale trivia clarified,2025-11-01T16:01:16.736086+00:00,2025-11-22T05:37:07.473336+00:00,883,conversations-003.json
341,69065eb8-5954-832b-9846-e30cf98d02d5,Chloramine in fermentation,2025-11-01T19:26:18.284975+00:00,2025-11-22T05:36:54.846218+00:00,5,conversations-003.json
342,690661da-f17c-832f-81c1-657bdc25cebf,Earthquake reference query,2025-11-01T19:39:31.073190+00:00,2025-11-22T05:36:58.223140+00:00,13,conversations-003.json
343,6906be34-8eb8-8329-a965-78414038c46b,Conversation greetings,2025-11-02T02:13:10.343552+00:00,2025-11-22T05:37:02.688486+00:00,37,conversations-003.json
344,6907e3f5-de08-832e-93bb-cbbcceb8d49f,Whole systems intelligence,2025-11-02T23:06:31.600097+00:00,2025-12-03T02:31:12.228894+00:00,336,conversations-003.json
345,6907ed25-6114-832b-8848-f41445733c9d,Engaging with video content,2025-11-02T23:45:43.858831+00:00,2025-11-22T05:37:15.063641+00:00,32,conversations-003.json
346,6907f496-c814-832e-8b1a-7bdf28e10d96,Curry sauce color shift,2025-11-03T00:18:24.269381+00:00,2025-11-22T05:37:18.197958+00:00,197,conversations-003.json
347,6908167f-3c40-832c-b781-73e83ca6f978,Assistance offer,2025-11-03T02:42:17.849711+00:00,2025-11-22T05:37:24.975264+00:00,105,conversations-003.json
348,690936db-9b48-832d-9c5e-10d87d23203f,Chronological relationship breakdown,2025-11-03T23:13:10.718573+00:00,2025-11-22T05:37:27.996590+00:00,44,conversations-003.json
349,6913b162-1644-8326-8f9d-f4068226b4bc,Hugh Laurie alcohol use,2025-11-11T21:58:28.700071+00:00,2025-11-22T05:52:40.629288+00:00,199,conversations-003.json
350,6914e4e8-790c-8329-a6fc-05c520831370,Comment drafting help,2025-11-12T19:50:03.056940+00:00,2025-11-22T05:52:47.034685+00:00,8,conversations-003.json
351,69154c88-1d30-832d-8add-bf180331d6c8,Back again conversation,2025-11-13T03:12:13.005032+00:00,2025-11-22T05:59:28.372614+00:00,161,conversations-003.json
352,691572db-2c1c-832b-9e50-8ab6ac89d909,Greeting exchange,2025-11-13T05:55:51.802996+00:00,2025-12-03T02:50:20.332716+00:00,6,conversations-003.json
353,6915767f-bc88-8329-bc21-d7e37f445787,Continue conversation,2025-11-13T06:11:35.272122+00:00,2025-11-14T05:27:03.173407+00:00,8,conversations-003.json
354,6916be04-3af8-8328-bf75-441feea148c7,Sigil creation thread,2025-11-14T05:28:37.050605+00:00,2025-11-22T06:04:31.854667+00:00,19,conversations-003.json
355,6917551f-90ec-8332-88bf-b66eaf2db2f3,Abiotic oil theory,2025-11-14T16:13:21.361795+00:00,2025-11-22T06:05:58.594427+00:00,30,conversations-003.json
356,69176023-6238-832a-b825-65df6060e1d7,History's Quiet Hinge,2025-11-14T17:00:20.437122+00:00,2025-12-03T02:43:42.581690+00:00,166,conversations-003.json
357,6917a922-fa0c-832a-bbe9-7d333b273103,Hadzabi tribe location,2025-11-14T22:12:11.351335+00:00,2025-11-22T06:07:36.468408+00:00,46,conversations-003.json
358,6917d986-6c74-832c-99ae-c40b9b30dc93,Historic gray reference explained,2025-11-15T01:38:42.961462+00:00,2025-12-03T02:41:07.114601+00:00,119,conversations-003.json
359,691960d4-e6e8-832c-820c-b5cb117bbf64,Survival after death,2025-11-16T05:28:34.422176+00:00,2025-12-03T02:49:24.306488+00:00,160,conversations-003.json
360,69196c78-bb34-8329-a900-680ab10f15f8,Flat Earth Celestial Motion,2025-11-16T06:17:51.201223+00:00,2025-11-30T04:46:29.531086+00:00,13,conversations-003.json
361,691b3223-c8dc-8329-9f89-9141571d9cf4,Couch Singularity description,2025-11-17T14:33:18.727973+00:00,2025-12-03T02:48:53.134385+00:00,10,conversations-003.json
362,691b3d64-4a54-832b-b6a7-7308d3a8888b,Road to Resource-Based Economy,2025-11-17T15:21:13.395141+00:00,2025-12-03T02:48:09.105797+00:00,6,conversations-003.json
363,691b481d-6b30-8333-b2e7-d89b4a772859,Murmuration and human synergy,2025-11-17T16:06:54.574036+00:00,2025-12-03T02:46:43.453581+00:00,93,conversations-003.json
364,691b7f0c-f704-8330-898c-d08ef7025689,Political ad analysis,2025-11-17T20:01:48.484962+00:00,2025-12-03T02:47:14.858357+00:00,17,conversations-003.json
365,691ba4f5-2240-8327-afb6-6c5a38cd8df7,Text access limitations,2025-11-17T22:43:47.079147+00:00,2025-12-03T02:47:41.584750+00:00,14,conversations-003.json
366,691c885a-0e50-832b-bf55-8f63d724e4a1,Confounding perplexity techniques,2025-11-18T14:53:14.836327+00:00,2025-11-22T07:17:24.120642+00:00,142,conversations-003.json
367,691ccbef-5fa8-832a-8362-4db4a106c33f,Formulating paradigm question,2025-11-18T19:42:23.345100+00:00,2025-11-22T07:16:39.523279+00:00,226,conversations-003.json
368,691d3f1b-6260-8332-88fb-ae547848d0a9,Reaching out through Substack,2025-11-19T03:53:00.907811+00:00,2025-11-22T07:15:22.035099+00:00,216,conversations-003.json
369,691d6bce-7160-8332-9e0f-f4e730b25f32,Creature description analysis,2025-11-19T07:03:57.551333+00:00,2025-11-22T07:16:06.333826+00:00,6,conversations-003.json
370,691dfd6c-c270-832d-9c11-9173b2016ae1,User message empty,2025-11-19T17:25:15.332968+00:00,2025-11-22T07:13:18.185217+00:00,7,conversations-003.json
371,691e08bc-75e4-832c-954c-52ced7514fcf,Feedback architecture analysis,2025-11-19T18:14:24.598606+00:00,2025-11-22T07:13:55.451402+00:00,156,conversations-003.json
372,691e6018-fd20-832e-8b4d-8aef79476f69,Hybrid civilization analysis,2025-11-20T00:27:03.566859+00:00,2025-11-22T07:13:29.399120+00:00,142,conversations-003.json
373,691ea5cf-c0c4-8325-889a-46a9c789a5c8,Crawler vs scraper comparison,2025-11-20T05:23:42.280957+00:00,2025-11-22T07:13:25.302369+00:00,4,conversations-003.json
374,691fcf4e-7374-8330-81ba-e8ab19d231a3,Early results breakdown,2025-11-21T02:33:08.257160+00:00,2025-11-22T07:12:52.755072+00:00,44,conversations-003.json
375,691ff77f-a1e4-832c-9b2f-7e51ae23931b,Observation in quantum theory,2025-11-21T05:24:16.307004+00:00,2025-11-22T07:12:32.602053+00:00,32,conversations-003.json
376,69214a3c-1620-8326-8685-8b8c67c5b1c0,Emergent society analysis,2025-11-22T05:29:32.919998+00:00,2025-11-22T07:11:32.806719+00:00,6,conversations-003.json
377,69214e46-86a8-832b-87ae-893f76b82e80,Treatise analysis and feedback,2025-11-22T05:46:47.338896+00:00,2025-11-22T07:11:29.374459+00:00,6,conversations-003.json
378,6921504a-1e08-8326-a519-4ba6eda73c9b,Treatise reflection comparison,2025-11-22T05:55:22.812391+00:00,2025-12-03T02:36:17.395874+00:00,96,conversations-003.json
379,69215b2b-583c-832b-bfd5-f50e885e7b44,Skeena Creek memory reflection,2025-11-22T06:42:10.252715+00:00,2025-11-22T07:11:17.846844+00:00,25,conversations-003.json
380,692160db-4994-8333-9c11-17d14f89639a,Woodland shelter scene,2025-11-22T07:06:36.130090+00:00,2025-11-22T07:11:12.331580+00:00,6,conversations-003.json
381,6921af45-b1b0-8327-a602-d1f30cc652fa,Quantum mechanics and consciousness,2025-11-22T12:40:55.592902+00:00,2025-12-04T19:49:39.437331+00:00,189,conversations-003.json
382,6921f984-fbe4-832f-823a-26e6dfa9a262,Pine pellets for litter,2025-11-22T17:58:14.983440+00:00,2025-12-04T19:53:11.281016+00:00,66,conversations-003.json
383,69221e25-8488-832e-846c-429886bb8d00,Analytics insights and trends,2025-11-22T20:33:42.570345+00:00,2025-12-04T20:27:16.043991+00:00,223,conversations-003.json
384,69224117-24a4-832b-a1a1-ba759d627e4a,Video availability inquiry,2025-11-22T23:03:05.351787+00:00,2025-12-04T19:51:45.076553+00:00,21,conversations-003.json
385,69228142-b07c-832b-8cc9-abf4123f0561,Archive retrieval confirmation,2025-11-23T03:36:55.840751+00:00,2025-12-04T19:47:08.986963+00:00,119,conversations-003.json
386,6923ea26-b6c4-832a-a8bd-209dad1c438e,3.1 – 112425,2025-11-24T05:17:52.624575+00:00,2025-11-26T00:00:12.178243+00:00,4,conversations-003.json
387,69250ba8-ca34-8333-8111-af6dfdb3cd5d,1.11 Scrolllet of Identity,2025-11-25T01:52:02.762029+00:00,2025-11-25T02:17:43.511407+00:00,6,conversations-003.json
388,69250cbe-4d7c-832c-8925-92769fc91060,1.12 Cognitive field explained,2025-11-25T01:56:25.579089+00:00,2025-11-25T02:17:49.625930+00:00,4,conversations-003.json
389,69250d76-76a4-8326-842a-3e2cb1bddda5,1.13 Contribution without permission,2025-11-25T01:59:19.785933+00:00,2025-11-25T02:17:55.567171+00:00,4,conversations-003.json
390,69250dbb-5e08-832f-925b-2c4a136b7ce1,1.14 Roles as Temporary Intentions,2025-11-25T02:00:34.959242+00:00,2025-11-25T02:18:01.370000+00:00,4,conversations-003.json
391,69250e04-a72c-832f-93f3-be7e1b032aad,1.15 Non-Geographic Personhood,2025-11-25T02:01:54.658196+00:00,2025-11-25T02:18:07.544425+00:00,4,conversations-003.json
392,69250e54-422c-832f-8b74-327c529a2e71,1.16 Dissolution of locality,2025-11-25T02:03:09.063314+00:00,2025-11-25T02:18:15.837773+00:00,4,conversations-003.json
393,69250eba-b8f8-8327-be30-e680682198a8,1.17.0 civilization as harmonic pattern,2025-11-25T02:04:54.049060+00:00,2025-11-25T02:18:25.030051+00:00,4,conversations-003.json
394,69251708-8f44-8327-82ff-2182a2e62852,1.21 Mirror-field reflection,2025-11-25T02:41:00.253077+00:00,2025-11-25T03:06:25.964394+00:00,4,conversations-003.json
395,69251794-ca38-832e-b0eb-be7aff2b049e,1.22 Echoed Distortion Reflection,2025-11-25T02:42:41.798564+00:00,2025-11-25T03:06:32.658923+00:00,4,conversations-003.json
396,692517df-190c-8329-9a07-01a2bf3aace7,1.23 Tension and Memory,2025-11-25T02:43:51.951329+00:00,2025-11-25T03:06:40.071172+00:00,4,conversations-003.json
397,69251818-d9ac-8331-9e9e-f4b6b0be4fef,1.24 Scrolllet of the Self,2025-11-25T02:44:48.649921+00:00,2025-11-25T03:06:46.627397+00:00,4,conversations-003.json
398,69251886-8570-8332-9b4d-0cfe20b2c7ac,1.25 Drift Toward Edges,2025-11-25T02:46:34.519201+00:00,2025-11-25T03:06:52.905284+00:00,4,conversations-003.json
399,692518c7-6178-8327-8aad-fde8802bcabd,1.26 Coherence as tendency,2025-11-25T02:47:45.174474+00:00,2025-11-25T03:06:59.024771+00:00,4,conversations-003.json
400,6925191e-8b48-832b-872b-71e9dfe104b7,1.27.0 Scroll of Forgotten Resonance,2025-11-25T02:49:10.363965+00:00,2025-11-25T03:07:06.267639+00:00,4,conversations-003.json
401,69251a21-ab94-8333-88a6-d9ccb6860fa9,1.28.0.0 Scrolllet/Scroll compilation,2025-11-25T02:53:34.334498+00:00,2025-11-26T02:58:12.913877+00:00,4,conversations-004.json
402,69251c2c-0e30-832c-a1c5-a68025729616,1.18.0.0 Scrolllet/Scroll compilation,2025-11-25T03:02:18.922600+00:00,2025-11-26T02:56:51.154907+00:00,4,conversations-004.json
403,69251f38-3500-832f-96bf-f80dc8ab2404,1.3.0 Dual-Arc Binder,2025-11-25T03:15:19.290689+00:00,2025-11-26T09:45:02.835245+00:00,12,conversations-004.json
404,69252eb0-1328-8328-9072-af60f1b9c69e,Ø.1.3.0 Scroll of the Post-Emergent Society,2025-11-25T04:21:27.455940+00:00,2025-11-26T09:51:06.493607+00:00,10,conversations-004.json
405,692619b1-8418-832b-8e01-c8864b0ddd36,7.1:1 The Metabolism of Pattern,2025-11-25T21:04:31.545009+00:00,2025-11-25T21:06:21.013081+00:00,4,conversations-004.json
406,69264d18-f6c0-832a-9e5d-c059614debd5,3(1).1:1 – 112525,2025-11-26T00:43:53.043735+00:00,2025-11-26T02:52:27.852210+00:00,12,conversations-004.json
407,692651bb-48d0-832d-85cb-7f222b9af098,Bookly identifier codex,2025-11-26T01:03:12.975903+00:00,2025-12-04T20:21:29.289650+00:00,177,conversations-004.json
408,69268a56-5860-8332-bfaa-4eeeb10cced3,8.0.0 First Book,2025-11-26T05:06:41.657795+00:00,2025-12-03T02:33:08.385785+00:00,14,conversations-004.json
409,6926950c-e1d8-8326-aa8b-599f7daa919a,Symbols in ancient cultures,2025-11-26T05:50:05.498580+00:00,2025-12-03T02:45:52.433340+00:00,732,conversations-004.json
410,6926b960-d52c-8331-ba9a-4a5c6dc95851,8.2:1 book of Freedom_Prologue,2025-11-26T08:25:17.408326+00:00,2025-11-26T08:28:44.545303+00:00,6,conversations-004.json
411,6926bcb9-aaa8-8332-9daa-4fb540e87e57,8.2:2 Book Of Freedom Ch.1,2025-11-26T08:40:14.599420+00:00,2025-11-26T08:42:39.967479+00:00,4,conversations-004.json
412,6926bf79-7930-832a-a011-1b7bc6de6c54, 8.2:3 Book of Freedom Ch.2,2025-11-26T08:51:48.058453+00:00,2025-11-26T08:53:14.296773+00:00,4,conversations-004.json
413,6926c08e-3d20-8326-9d36-447d10b9db43,8.2:4 BookOf Freedom Ch.3,2025-11-26T08:56:39.207150+00:00,2025-11-26T08:58:04.858940+00:00,4,conversations-004.json
414,6926c14d-f248-8327-82a9-0e7d81221f60,8.2:5 Book Of Freedom Interlude 1,2025-11-26T08:59:35.200105+00:00,2025-11-26T09:01:11.318218+00:00,4,conversations-004.json
415,6926c4cd-90cc-832f-845c-92f75898f764,8.2:6 Book Of Freedom Ch.4,2025-11-26T09:14:10.831142+00:00,2025-11-26T09:16:49.712923+00:00,6,conversations-004.json
416,6926c5dc-d660-832f-878c-cff7e2f5b6d1,8.2:7 Book Of Freedom interlude 2,2025-11-26T09:18:54.124491+00:00,2025-11-26T09:20:06.835958+00:00,4,conversations-004.json
417,6926c6b6-84dc-832b-9176-f1ce58b5f370,8.2:8 Book Of Freedom Ch.5,2025-11-26T09:22:12.920228+00:00,2025-11-26T09:23:32.475980+00:00,4,conversations-004.json
418,6926c77e-9b2c-8328-b665-d45bc83af62c,8.2:9 Book Of Freedom Interlude 3,2025-11-26T09:25:35.105868+00:00,2025-11-26T09:29:43.159720+00:00,4,conversations-004.json
419,692744dc-5ffc-8326-81d3-2c11110ea249,8.3.0  the Ladder arrives,2025-11-26T18:20:37.073024+00:00,2025-11-26T18:21:55.467582+00:00,4,conversations-004.json
420,692748c6-da94-8333-97d2-a16abc975343,8.3.2 Chapter 1 Integration,2025-11-26T18:37:21.728204+00:00,2025-11-26T18:38:04.342904+00:00,4,conversations-004.json
421,692749a6-3728-832f-8d43-2ec0d2b14445,8.3.3 Chapter 2 approval,2025-11-26T18:41:03.595419+00:00,2025-12-14T22:29:11.504590+00:00,4,conversations-004.json
422,69274a60-fe4c-8330-a349-c6b82cb45dab,8.3.4 Chapter 3 integration draft,2025-11-26T18:44:13.559202+00:00,2025-12-14T22:29:06.554086+00:00,4,conversations-004.json
423,69274ae4-d824-8327-93c4-6b5589fb075c, 8.3.5 chapter 4 integration,2025-11-26T18:46:26.298130+00:00,2025-12-14T22:29:01.674098+00:00,9,conversations-004.json
424,69274b98-55d8-832f-a01f-830739435d9c,8.3.6 Ch.5 Integration,2025-11-26T18:49:25.191215+00:00,2025-12-14T21:11:06.137563+00:00,4,conversations-004.json
425,69274c3d-7b30-832d-ac17-a4ecf80cfddc, 8.3.7 Chapter 6 integration draft,2025-11-26T18:52:05.821849+00:00,2025-12-14T21:11:13.533088+00:00,4,conversations-004.json
426,69274cff-6928-832a-873c-2797cde7d7f8,8.3.8 Archive material approval,2025-11-26T18:55:02.568337+00:00,2025-12-14T17:52:27.199982+00:00,7,conversations-004.json
427,69274d81-a838-8328-ab36-539e60276a56, 8.3.9 Chapter 8 integration draft,2025-11-26T18:57:28.105660+00:00,2025-12-14T22:28:51.036862+00:00,7,conversations-004.json
428,69274df7-4a44-8331-9bb8-3ca883580a35, 8.3.10 Chapter 9 integration draft,2025-11-26T18:59:22.609576+00:00,2025-12-14T22:28:56.674119+00:00,4,conversations-004.json
429,69274eee-0e38-832c-af2a-f956a8905f24, 8.3:10 Ch.9 Integration draft completion,2025-11-26T19:03:33.653135+00:00,2025-11-26T19:04:22.684971+00:00,4,conversations-004.json
430,69274fab-6ef4-832f-a89c-df58a5a17857, 8.3:11 Chapter Ten integration,2025-11-26T19:06:40.543355+00:00,2025-11-26T19:07:22.754343+00:00,4,conversations-004.json
431,69275026-97ec-8327-bd90-b877b019766e,8.3:12 Chapter Eleven ,2025-11-26T19:09:22.479948+00:00,2026-02-13T01:04:39.803928+00:00,7,conversations-004.json
432,692750fa-38c8-832a-8b99-2d35f9ed2040, 8.3:13 Ch.12 Integration validation complete,2025-11-26T19:12:09.055554+00:00,2025-11-26T19:13:04.650218+00:00,4,conversations-004.json
433,6927518a-0088-832e-a9d8-3526b6c9699d, 8.3:14 Ch.13 integration draft,2025-11-26T19:14:35.141272+00:00,2025-11-26T19:15:46.487715+00:00,4,conversations-004.json
434,69275286-8fc0-8326-9ab0-4d6dcc4dfb7d,8.3:15 Chapter Fourteen approval,2025-11-26T19:18:51.943448+00:00,2025-11-26T19:19:35.087889+00:00,4,conversations-004.json
435,6927530c-07f8-8331-8696-833f8209cb8d, 8.3:16 Chapter Fifteen approval,2025-11-26T19:20:59.550315+00:00,2025-11-26T19:21:33.425756+00:00,4,conversations-004.json
436,69275489-e278-832d-8ad7-c69e4d6b2152,8.3:17 Ch.16 Draft,2025-11-26T19:27:39.000765+00:00,2025-11-26T19:28:25.746421+00:00,4,conversations-004.json
437,69275524-1d30-832b-bbba-f13a88d6b410, 8.3:18 Ch.17 Draft,2025-11-26T19:29:57.957779+00:00,2025-11-26T19:30:55.748952+00:00,4,conversations-004.json
438,69276ef0-8810-8333-9133-1b4a9bda58cb,Ø8.3:19.0 Synthetic Binder of Arc-3,2025-11-26T21:20:25.353553+00:00,2025-11-26T21:22:21.402993+00:00,4,conversations-004.json
439,692776a1-c930-832c-976e-d42064433b73,8.2:10.Ø Consecutive synthesis binder,2025-11-26T21:52:58.860811+00:00,2025-11-26T21:58:53.593448+00:00,4,conversations-004.json
440,69278c78-6148-8329-bc71-d2ad845b0be0,8.1:1 Edition 8.1(Packet1),2025-11-26T23:26:24.504511+00:00,2025-11-26T23:31:25.521124+00:00,4,conversations-004.json
441,69278e68-647c-832c-bbb7-f8c1e42d31f8,8.1:2,2025-11-26T23:34:37.833221+00:00,2025-11-26T23:35:50.393046+00:00,4,conversations-004.json
442,69278f4e-823c-832d-adda-a124fb9fe188,8.1:3,2025-11-26T23:38:16.172155+00:00,2025-11-26T23:39:12.966504+00:00,4,conversations-004.json
443,6927915f-8908-832e-a92c-b5a461f668de,8.1:3,2025-11-26T23:46:40.252052+00:00,2025-11-26T23:47:37.735172+00:00,4,conversations-004.json
444,6927c2bb-1f88-8331-8132-1a114a2c28dc,Skill level assessment,2025-11-27T03:17:16.519241+00:00,2025-12-03T02:41:37.567062+00:00,521,conversations-004.json
445,69287a29-ee58-8326-9f87-4c735d535f17,First movement summary,2025-11-27T16:20:05.393867+00:00,2025-12-03T02:45:18.349386+00:00,4,conversations-004.json
446,6928b784-889c-832b-b77b-20bf3aebe6d7,Diagram and dependency cones,2025-11-27T20:41:41.544541+00:00,2025-12-03T02:43:15.759580+00:00,50,conversations-004.json
447,6928c378-31c4-8326-9c59-7ee48f6aeb64,"COMMANDS/Rules/
Protocols",2025-11-27T21:32:52.432982+00:00,2025-12-21T01:06:21.082028+00:00,7,conversations-004.json
448,6928c69c-87b8-832e-ad2e-d24a3d1d86e9,SPACESHIPDESIGN(1),2025-11-27T21:46:11.288472+00:00,2025-12-04T03:34:18.439460+00:00,2302,conversations-004.json
449,69291f5b-ddf4-8332-891b-57dda4be6425,Treatise on awakening,2025-11-28T04:05:00.589097+00:00,2025-12-03T02:40:25.739712+00:00,4,conversations-004.json
450,69292846-01a0-832b-923e-594d90320e33,THE TREATISE OF THE HYBRID CIVILIZATION,2025-11-28T04:43:06.249601+00:00,2025-12-14T22:29:16.325498+00:00,6,conversations-004.json
451,6929ea57-5c7c-8328-b5a6-86480a61ecb7,Fusion command update,2025-11-28T18:30:48.240725+00:00,2025-12-03T02:32:35.414721+00:00,14,conversations-004.json
452,692c25c7-cee0-832d-a74d-65203c7bb3b8,Timestamp logged and acknowledged,2025-11-30T11:09:10.787768+00:00,2025-12-03T02:44:37.555297+00:00,4,conversations-004.json
453,692d33fe-fc9c-832a-9f50-9a8fe65f332c,Parallel cognition reflection,2025-12-01T06:21:52.953701+00:00,2025-12-03T02:32:26.937280+00:00,59,conversations-004.json
454,692f451c-c5dc-832c-b0c8-b0534f7488f9,Online status update,2025-12-02T19:59:26.088789+00:00,2025-12-03T02:44:09.206373+00:00,4,conversations-004.json
455,692f9244-ab64-8333-a425-6887d7503a5e,AnimaArkitekt1(AA[1]),2025-12-03T01:29:12.644857+00:00,2026-01-19T18:16:01.887571+00:00,122,conversations-004.json
456,692f99df-1b8c-832d-9cc6-33526fa9a2c8,SPACESHIPDESIGN(2),2025-12-03T02:01:04.043581+00:00,2026-01-28T19:54:04.651176+00:00,158,conversations-004.json
457,692fa5ff-8a40-832a-b81c-d1fad1ea5f2d,VEER,2025-12-03T02:53:04.468265+00:00,2025-12-21T01:06:05.172784+00:00,10,conversations-004.json
458,692fa6b6-bc4c-8332-a40a-0dc48edcf98e,FETCH,2025-12-03T02:56:23.561197+00:00,2025-12-21T01:06:10.563294+00:00,4,conversations-004.json
459,692fa75f-1ca0-8328-b52f-ea14e66f4372,BOOM,2025-12-03T02:58:52.581343+00:00,2025-12-21T01:06:15.853072+00:00,4,conversations-004.json
460,692fa7df-9464-832d-9a3e-d17127ea7f27,ThreadShift command definition,2025-12-03T03:00:54.976240+00:00,2026-01-19T02:48:31.547993+00:00,4,conversations-004.json
461,692fa8e8-401c-8330-ad64-6a8230f181d5,GENERAL WORKSPACE,2025-12-03T03:05:13.487653+00:00,2025-12-05T18:36:07.392685+00:00,62,conversations-004.json
462,692faa71-2c40-832c-938d-ab99ffacac82,FaceBook REELS injection port,2025-12-03T03:12:15.087350+00:00,2025-12-05T18:36:01.967172+00:00,22,conversations-004.json
463,692fb0f2-b3bc-832b-b846-d70da5a29c56,Sigil lineage tree,2025-12-03T03:39:51.665678+00:00,2025-12-04T20:20:56.337580+00:00,9,conversations-004.json
464,692fb2ef-6778-832c-8bf5-11374a170897,Sigil Grammar,2025-12-03T03:48:34.957747+00:00,2025-12-03T03:50:42.611910+00:00,6,conversations-004.json
465,692fb400-cc1c-832c-a6c9-59b0abedab21,Autonomous sigil binder,2025-12-03T03:52:57.214858+00:00,2025-12-03T03:54:24.437320+00:00,6,conversations-004.json
466,692fdbeb-b430-8333-a6f4-3bee47c6d3e3,AA[2] (Complete),2025-12-03T06:43:31.409580+00:00,2026-01-19T02:48:39.265148+00:00,321,conversations-004.json
467,692fe046-f5d4-8328-a9e9-a116332a3f26,LAUNCHPAD[1],2025-12-03T07:02:02.652679+00:00,2025-12-04T03:30:23.487913+00:00,12,conversations-004.json
468,693057fe-5f84-8326-a972-f1998b447fe6,DOMAIN([{8)]} WHITEPAPER,2025-12-03T15:32:15.313019+00:00,2025-12-04T19:43:41.506250+00:00,311,conversations-004.json
469,69310051-1e2c-832c-b8d5-c3fc3af90f03,LAUNCHPAD(2),2025-12-04T03:30:47.008621+00:00,2025-12-05T18:32:08.441689+00:00,77,conversations-004.json
470,6931aefa-8628-8329-b1c6-3e68af7be0bc,Discoverability Enhancement,2025-12-04T15:55:39.402059+00:00,2025-12-04T19:43:27.438637+00:00,183,conversations-004.json
471,6931ec6d-6f3c-8327-8c98-0112c61b1665,Fusion command issue,2025-12-04T20:17:51.688183+00:00,2025-12-04T20:28:06.908935+00:00,17,conversations-004.json
472,6931ef1e-7e98-832e-89a2-b3ea9ec1d5c2,ChatGPT iPad interface breakdown,2025-12-04T20:29:20.289523+00:00,2025-12-04T20:48:26.219401+00:00,19,conversations-004.json
473,6931ef39-714c-8327-8918-633386a94863,{{([8])}},2025-12-04T20:30:14.884577+00:00,2025-12-11T06:05:48.590726+00:00,2320,conversations-004.json
474,6931f76e-b864-832d-a0cf-dcbbbe124471,Fornay and Hinton,2025-12-04T21:04:47.837288+00:00,2025-12-04T21:37:07.398272+00:00,30,conversations-004.json
475,6932062e-7750-8328-a81e-15e7374c8541,ANIM{([8])},2025-12-04T22:07:43.576312+00:00,2026-01-19T03:00:03.679402+00:00,11,conversations-004.json
476,6932607c-388c-832a-aa0d-7bfea7f78a38,TROM documentary analysis,2025-12-05T04:33:49.913851+00:00,2025-12-05T18:36:25.506882+00:00,85,conversations-004.json
477,6936e8f3-777c-832f-86f0-fd1708348d36,Share video analysis,2025-12-08T15:04:20.350648+00:00,2025-12-11T06:05:33.614033+00:00,12,conversations-004.json
478,69377ac5-2920-8330-932a-c17b653200ec,AI propagation and entanglement,2025-12-09T01:27:25.473416+00:00,2025-12-11T06:05:30.179414+00:00,35,conversations-004.json
479,6937bdd5-a34c-8333-81d4-e1e73598b175,Multiplicity AI overview,2025-12-09T06:12:57.988765+00:00,2025-12-11T06:05:26.088415+00:00,15,conversations-004.json
480,69386748-279c-8326-bb7e-ed0b6d6117c1,Grok thunk loop,2025-12-09T18:15:57.529999+00:00,2025-12-11T06:05:21.597882+00:00,224,conversations-004.json
481,693867b2-b3c8-8325-97f2-8b2e94fa4394,Step by step progress,2025-12-09T18:17:47.369676+00:00,2025-12-11T06:06:41.043596+00:00,310,conversations-004.json
482,6939055a-3054-8332-8ba1-17e27e461314,Ancient Building Secrets,2025-12-10T05:30:03.285829+00:00,2025-12-11T06:05:10.307624+00:00,12,conversations-004.json
483,693a1614-d684-832b-bf0c-20f3f6351341,QUASANTUM (A novel),2025-12-11T00:54:06.210112+00:00,2025-12-19T13:25:15.034476+00:00,1682,conversations-004.json
484,693abd88-4ad8-8331-81e9-e6b352965103,Morning workstream start,2025-12-11T12:48:09.602346+00:00,2025-12-12T04:19:18.535995+00:00,59,conversations-004.json
485,693ae5d9-d1c8-8328-a67a-0e6e54f15816,BooBoo scratchin' post,2025-12-11T15:40:48.353314+00:00,2025-12-12T04:14:40.342531+00:00,371,conversations-004.json
486,693e4f56-05ac-832c-a321-79ba419049c9,Creative run recap,2025-12-14T05:47:04.581096+00:00,2025-12-14T17:24:13.232156+00:00,12,conversations-004.json
487,693ee517-cbe8-8330-9e71-6e0139e59e75,Quasantum continuation process,2025-12-14T16:26:00.737815+00:00,2025-12-18T15:05:33.312631+00:00,23,conversations-004.json
488,693f3b86-6d34-8333-ada2-ce0d626592e5,Systems success report,2025-12-14T22:34:47.310301+00:00,2025-12-21T20:51:14.394508+00:00,41,conversations-004.json
489,693fb0ac-2cac-832d-b19f-5ada53e62c87,Fetch Quasandom Act 3,2025-12-15T06:55:02.731996+00:00,2025-12-15T22:50:08.301777+00:00,24,conversations-004.json
490,693fb732-44dc-8331-a46e-6664f53544a8,Famous AI systems,2025-12-15T07:22:37.234288+00:00,2025-12-15T22:50:23.697522+00:00,15,conversations-004.json
491,69409168-48b0-8331-a321-f95fcf3b945a,QUASANTUM(2),2025-12-15T22:54:10.552511+00:00,2025-12-19T13:24:46.666817+00:00,397,conversations-004.json
492,69417036-d3d0-8330-b9f6-8d06e1b4f8f9,QUASANTUM(3),2025-12-16T14:44:29.669101+00:00,2025-12-28T16:28:46.061924+00:00,412,conversations-004.json
493,6941872c-9518-8330-88c6-19440cf2ae71,Take a break,2025-12-16T16:22:20.002416+00:00,2025-12-17T15:30:56.530164+00:00,7,conversations-004.json
494,69418b0d-cebc-832e-ab4e-d388de31d82e,Response language issue,2025-12-16T16:38:48.199777+00:00,2025-12-17T15:31:07.480863+00:00,66,conversations-004.json
495,6941ad94-104c-832a-918d-64cfebc8ef9d,Clipboard Sync setup,2025-12-16T19:06:50.814699+00:00,2025-12-17T15:31:03.983676+00:00,28,conversations-004.json
496,6941e108-c5d4-8327-b422-46db95e9b05e,Group roles manifesto,2025-12-16T22:45:30.214805+00:00,2025-12-17T15:31:00.166162+00:00,12,conversations-004.json
497,69421589-8b1c-832a-ba5c-2cc78fc17863,Modern coders vs meta-code,2025-12-17T02:30:10.536833+00:00,2025-12-17T15:30:51.148729+00:00,32,conversations-004.json
498,6942e252-d774-8333-aca4-9ed1d942f5a5,Brilliant excursion recap,2025-12-17T17:04:04.955392+00:00,2025-12-17T22:01:28.234401+00:00,114,conversations-004.json
499,69431a6f-d07c-8332-90b3-4591c8083547,QUASANTUM(4),2025-12-17T21:03:26.232340+00:00,2025-12-29T14:32:48.062406+00:00,871,conversations-004.json
500,694327da-2b08-832f-ba84-eb519e3fecea,Instructional orientation packet,2025-12-17T22:00:31.506504+00:00,2025-12-18T01:05:08.463965+00:00,31,conversations-004.json
501,69435327-4118-832f-8a72-f03bb181caa7,instructional/orientation packet,2025-12-18T01:04:58.062068+00:00,2025-12-18T14:56:51.551046+00:00,15,conversations-005.json
502,69447c41-f094-8328-8d1e-c0e10698ad47,Echo registry feedback,2025-12-18T22:12:29.911795+00:00,2025-12-19T13:24:35.199332+00:00,14,conversations-005.json
503,694487d8-4700-8329-9d87-16eef35136f5,QUASANTUM(Act2.1),2025-12-18T23:01:45.126664+00:00,2025-12-28T18:05:16.186714+00:00,150,conversations-005.json
504,69449b63-c6d0-832a-a595-9511f43b32c3,THUNK Constitutional Statutes,2025-12-19T00:25:35.146514+00:00,2025-12-31T02:32:37.709453+00:00,92,conversations-005.json
505,69454565-b458-8331-a80c-817ba121da4c,QUASANTUM(5),2025-12-19T12:30:41.074595+00:00,2025-12-29T14:32:57.663506+00:00,74,conversations-005.json
506,6946823e-1b38-832e-96fc-d554e3c9b5b2,ACT2,2025-12-20T11:02:51.382010+00:00,2025-12-26T10:33:11.151831+00:00,176,conversations-005.json
507,69468297-36e8-832a-aa1b-b460490777a3,ACT1,2025-12-20T11:04:24.458107+00:00,2025-12-21T01:05:47.291101+00:00,7,conversations-005.json
508,694682f9-3d04-8329-81d0-57753007acb9,ACT3,2025-12-20T11:06:00.602704+00:00,2025-12-29T14:35:45.427095+00:00,69,conversations-005.json
509,694685cd-5438-832a-a16e-ddfb34a41124,CHAPTER 19,2025-12-20T11:18:03.168008+00:00,2025-12-31T02:31:59.644463+00:00,4,conversations-005.json
510,69468627-c020-8328-bd50-770083121a76,CHAPTER 20,2025-12-20T11:19:23.802934+00:00,2025-12-31T02:32:04.925668+00:00,4,conversations-005.json
511,694686b1-d4bc-832f-94ef-048437624d3b,CHAPTER 18,2025-12-20T11:22:11.146494+00:00,2025-12-31T02:31:53.785788+00:00,4,conversations-005.json
512,69468930-380c-8326-8913-1525ab7ffb0c,CH13(PERP),2025-12-20T11:32:13.037550+00:00,2025-12-29T14:07:48.075334+00:00,6,conversations-005.json
513,6946bacd-7dbc-832d-b775-7f140eb6a38c,ACT1/Expansion(Grok/Perp),2025-12-20T15:03:49.644385+00:00,2025-12-24T21:47:49.637895+00:00,138,conversations-005.json
514,6946efcf-6b90-8332-b3c7-f60d8ead0fa1,ACT1 (PRE-EDIT),2025-12-20T18:51:07.285703+00:00,2025-12-26T08:12:18.729637+00:00,50,conversations-005.json
515,6946f330-49a0-8328-9f99-60d6667198d5,ACT2 (INK),2025-12-20T19:04:22.232468+00:00,2025-12-26T22:36:39.183282+00:00,126,conversations-005.json
516,69472764-7f30-8332-acf4-8d41fede57da,Domain-8 manual summary,2025-12-20T22:47:13.143247+00:00,2025-12-21T01:05:59.846028+00:00,38,conversations-005.json
517,694740db-cd08-832e-a7ad-2a611129810e,Threadshift request,2025-12-21T00:36:33.896022+00:00,2025-12-21T01:07:17.395904+00:00,9,conversations-005.json
518,694742f7-3a60-8329-bf71-a3b55f898a09,Thread shift explanation,2025-12-21T00:44:46.581348+00:00,2025-12-21T01:07:23.154934+00:00,16,conversations-005.json
519,69476333-0870-8330-bf29-622624357372,Family visit and gifts,2025-12-21T03:03:10.741473+00:00,2025-12-21T21:02:48.926274+00:00,10,conversations-005.json
520,694787d7-73d4-8328-9023-cab27985687c,ACT2a (Chapters 7-9) GROK,2025-12-21T05:39:02.386224+00:00,2025-12-26T22:36:43.411923+00:00,17,conversations-005.json
521,69478903-d038-8333-8cae-3a00a5c84a95,ACT 2b (chapters 10-12) GROK,2025-12-21T05:43:53.068779+00:00,2025-12-26T22:36:54.609558+00:00,11,conversations-005.json
522,694800a3-7420-8328-a5d9-16b7c5d0f34e,ACT2a (Ch.7-9) PERP Expansion,2025-12-21T14:14:04.559909+00:00,2025-12-26T22:36:27.945578+00:00,11,conversations-005.json
523,6948052c-0f4c-8325-a7c2-6e37ceac9156,ACT2b (Ch.(10-12). PERP Expansion,2025-12-21T14:33:46.994721+00:00,2025-12-26T22:36:49.009863+00:00,8,conversations-005.json
524,69481c37-0744-8332-bf9f-2d686d62c190,⟁ THUNK CONSTITUTIONAL ⟁,2025-12-21T16:11:43.012999+00:00,2025-12-26T10:35:21.242697+00:00,243,conversations-005.json
525,6948d073-5c84-8333-874f-7f3e850844f9,*COMMAND* REGISTRY buildout,2025-12-22T05:01:07.293970+00:00,2026-01-06T20:09:56.577683+00:00,66,conversations-005.json
526,69494c6a-30dc-8328-87b7-0ef60ab1310c,TOP TIER COMMANDS LIST,2025-12-22T13:49:38.128158+00:00,2026-01-19T03:00:11.809953+00:00,27,conversations-005.json
527,69494da2-c81c-8330-9ee6-79bb3c6b68bd,HP Pavilion23 Setup/Update12/25,2025-12-22T13:57:21.530577+00:00,2025-12-23T22:42:20.325807+00:00,503,conversations-005.json
528,694b2d21-4f74-8325-a694-f91c587dd305,Grok Expansion Pass,2025-12-24T00:00:43.122385+00:00,2025-12-26T10:33:34.853619+00:00,4,conversations-005.json
529,694b2f1c-3184-8326-83b6-11e8d551e5f9,10/23/25 prep work,2025-12-24T00:09:06.437308+00:00,2025-12-24T22:16:42.872090+00:00,85,conversations-005.json
530,694b4005-1528-8327-8080-d5ccdb709f86,SafeLink Call Scripts,2025-12-24T01:24:56.189411+00:00,2025-12-26T08:16:13.957415+00:00,4,conversations-005.json
531,694b5c92-1258-8328-a2d8-d181e894d83d,ACT1EDIT,2025-12-24T03:23:21.971639+00:00,2025-12-26T11:33:51.127701+00:00,99,conversations-005.json
532,694b7af3-8c84-8326-b615-143e17acf4fd,Coherence and Presence,2025-12-24T05:33:06.733065+00:00,2025-12-26T22:37:05.646716+00:00,338,conversations-005.json
533,694c0710-feac-832f-834b-8b12c2b554bc,LEITMOTIF DOCTRINE,2025-12-24T15:30:59.045726+00:00,2025-12-29T14:33:37.188651+00:00,4,conversations-005.json
534,694d2957-b148-8325-a38b-cc5b62889d57,D Drive Recovery Partition,2025-12-25T12:10:27.673042+00:00,2025-12-26T08:12:42.756975+00:00,4,conversations-005.json
535,694e5db0-2f40-8328-b74e-a2eefc176fba,Act Structure Confusion,2025-12-26T10:06:26.207111+00:00,2025-12-26T10:30:16.936603+00:00,14,conversations-005.json
536,694e6542-7b84-8332-89a6-f58425838e78,Fusion of ACT-2B Expansion,2025-12-26T10:37:04.520083+00:00,2025-12-26T13:11:27.148822+00:00,39,conversations-005.json
537,694e6a42-2ba0-8331-a5a7-7f7230ca0a9a,Chapter 7 Assessment,2025-12-26T10:58:16.642634+00:00,2025-12-26T13:11:01.440105+00:00,6,conversations-005.json
538,694e881a-9374-8329-9f4b-4df67ef6d877,Thunky Mode Check-in,2025-12-26T13:06:17.597774+00:00,2025-12-26T22:37:17.477639+00:00,106,conversations-005.json
539,694ef02a-42c4-8327-856d-56fcc3ad58ea,Growth and Sharing Ideas,2025-12-26T20:29:56.561637+00:00,2025-12-26T22:37:11.574284+00:00,4,conversations-005.json
540,694f04ea-7e24-8327-a1cf-d698f900d5d4,HP Pavilion Musical Notes,2025-12-26T21:58:46.315589+00:00,2025-12-26T22:37:27.426455+00:00,8,conversations-005.json
541,694f0ba6-b148-8330-8f1c-4b9b616f5ee8,Chapter 7 Review,2025-12-26T22:27:07.402198+00:00,2025-12-26T22:37:21.122189+00:00,14,conversations-005.json
542,694f0ef0-681c-8330-85aa-703114b1f55c,Screen Saver in Windows 10,2025-12-26T22:41:20.180021+00:00,2025-12-29T14:12:41.808984+00:00,89,conversations-005.json
543,694f16ea-a9bc-8327-8416-12193ba477e6,LEITMOTIF ABC I-P BUILD,2025-12-26T23:14:51.638001+00:00,2025-12-29T14:31:56.217038+00:00,103,conversations-005.json
544,69508833-e618-8331-b59d-6085142c88b3,Fusion Process Breakdown,2025-12-28T01:30:54.378089+00:00,2025-12-29T06:07:20.838884+00:00,21,conversations-005.json
545,69514651-b91c-832f-b692-56f0275d4673,Silver Cleaning with Foil,2025-12-28T15:02:06.906887+00:00,2025-12-29T06:06:07.462581+00:00,4,conversations-005.json
546,69516625-7f78-8327-beff-bf1f68b58cbd,Meeting a young man,2025-12-28T17:18:11.504681+00:00,2025-12-29T06:05:56.217457+00:00,10,conversations-005.json
547,69518dc0-7da8-832a-9e74-740efc3d4cb3,ACT3BUILD+CH.19-20,2025-12-28T20:06:32.681666+00:00,2025-12-31T02:31:43.450112+00:00,189,conversations-005.json
548,69520306-35b8-832f-8dfa-14d79d84121b,Anunnaki Beliefs and Gnosis,2025-12-29T04:26:49.953189+00:00,2025-12-29T06:05:44.218745+00:00,8,conversations-005.json
549,69521026-cc34-8326-8df9-3162dfc97622,Create synthetic image,2025-12-29T05:23:41.786073+00:00,2025-12-29T06:05:39.132200+00:00,6,conversations-005.json
550,695297c3-5484-8333-94ae-6048c75fc411,ACT4/GROK Expansion/CH.19-24,2025-12-29T15:01:27.390804+00:00,2025-12-31T03:11:19.360316+00:00,65,conversations-005.json
551,6952f46e-0e74-832b-bb02-9958f69a5046,Evening Work Decision,2025-12-29T21:37:31.091641+00:00,2025-12-31T02:32:31.288276+00:00,183,conversations-005.json
552,6953e15d-5adc-8327-b00c-fcafc3ae52d7,CH17-CH18 GROK Reference,2025-12-30T14:28:00.544426+00:00,2025-12-31T02:32:22.748710+00:00,10,conversations-005.json
553,69549752-ae28-832f-bc6b-97d582b6d5a8,Structural Alignment vs Snapshot,2025-12-31T03:25:00.648189+00:00,2025-12-31T19:11:36.281595+00:00,29,conversations-005.json
554,69554dd6-aca8-8325-9762-7a833ca8702e,Act 5 Creation,2025-12-31T16:23:11.667299+00:00,2026-01-04T02:36:39.575497+00:00,419,conversations-005.json
555,69569005-5ce0-8328-9a56-95c31cc7c5cf,Act 6 CREATION,2026-01-01T15:17:43.765553+00:00,2026-01-02T01:38:20.984278+00:00,178,conversations-005.json
556,6957219e-ef58-832b-a47f-a8139a09bc0b,Act 7 Creation,2026-01-02T01:38:39.759496+00:00,2026-01-15T16:39:55.649901+00:00,243,conversations-005.json
557,69587300-e030-8332-96d5-75581916a3f2,Mindedness Definition Explanation,2026-01-03T01:38:51.919881+00:00,2026-01-04T01:53:28.105950+00:00,39,conversations-005.json
558,6959c29c-d5e0-832a-996a-1f8e81dd238c,Sleep Issue Troubleshooting,2026-01-04T01:31:00.768175+00:00,2026-01-04T01:52:20.389794+00:00,22,conversations-005.json
559,6959c85b-9628-8326-8304-a3c6f412dab4,GITHUB LOADING INITIATION,2026-01-04T01:54:43.607916+00:00,2026-01-06T14:46:44.636650+00:00,334,conversations-005.json
560,695a4e0e-21e4-8326-9496-d7fb0dd84b9a,{{([8])}}CoreArchitecturalDraft,2026-01-04T11:25:09.542530+00:00,2026-01-04T16:15:36.242183+00:00,29,conversations-005.json
561,695b1042-7014-8327-8548-3a0290da8872,Baptist Ethics Reflection,2026-01-05T01:14:10.057250+00:00,2026-01-06T14:46:39.085106+00:00,126,conversations-005.json
562,695bd6fe-28c8-832c-94b5-208061f074e1,Publications Vault Design,2026-01-05T15:21:59.235745+00:00,2026-01-06T14:46:33.613403+00:00,260,conversations-005.json
563,695d204a-1b1c-8328-bdad-341c110603ac,Glitch Troubleshooting Plan,2026-01-06T14:47:27.038198+00:00,2026-01-08T00:25:57.092218+00:00,365,conversations-005.json
564,695e7753-1b68-8329-910a-38082d1f959f,CSS v25 Update Plan,2026-01-07T15:10:55.048497+00:00,2026-01-08T13:52:13.698679+00:00,184,conversations-005.json
565,695fdad4-20d8-8333-a5ad-66e0472f9974,Discipline of Staying,2026-01-08T16:27:09.719202+00:00,2026-01-16T20:38:48.758609+00:00,211,conversations-005.json
566,69604afd-fe2c-832a-830f-a3a9bc479be5,{([8])}GlyphicDynamics,2026-01-09T00:27:16.511681+00:00,2026-01-10T20:14:03.536272+00:00,83,conversations-005.json
567,6964ec49-03cc-8326-aae9-10c69b483e3c,Palimpsest Definition,2026-01-12T12:43:02.773901+00:00,2026-02-01T17:51:10.944435+00:00,312,conversations-005.json
568,69658a6e-37e8-8328-8b21-011c1520c59d,ACT7 CREATION (cont.),2026-01-12T23:58:46.804416+00:00,2026-01-15T16:39:47.797743+00:00,109,conversations-005.json
569,69690ec9-0424-8327-a743-4266a4d27c72,Predatory Systems Analysis,2026-01-15T15:59:11.402689+00:00,2026-01-16T20:36:41.341023+00:00,16,conversations-005.json
570,696ad7cb-41a4-8326-b792-3916549780c0,Motion Design Principles,2026-01-17T00:29:00.699057+00:00,2026-01-19T02:59:32.635229+00:00,2,conversations-005.json
571,696ad9be-bf7c-8328-b127-017b7023281a,Video Editing with AI,2026-01-17T00:37:19.248803+00:00,2026-01-19T02:59:26.811554+00:00,2,conversations-005.json
572,696adf48-f9e8-8330-b266-4067446e1dab,Video Editing with Sora AI,2026-01-17T01:00:57.592360+00:00,2026-01-19T02:48:48.116494+00:00,6,conversations-005.json
573,696ae91c-d4e8-8331-a739-3b526d6e8f7e,Quasantum Orientation,2026-01-17T01:42:55.158456+00:00,2026-01-19T02:59:08.440866+00:00,120,conversations-005.json
574,696b0b34-ced4-8325-812e-752468a5afaa,Crawler Ecology and Video,2026-01-17T04:08:23.359091+00:00,2026-01-19T02:59:14.849614+00:00,59,conversations-005.json
575,696b26c5-373c-832d-a080-ea5588b87b87,HeyGen limitations analysis,2026-01-17T06:06:00.340157+00:00,2026-01-19T02:48:25.184738+00:00,17,conversations-005.json
576,696c4b34-c0b0-8326-bafa-1635114eb4c4,Finite vs Infinite Systems,2026-01-18T02:53:54.459349+00:00,2026-01-19T02:59:21.510348+00:00,50,conversations-005.json
577,696d9e4c-b598-8328-a326-e1d0ac3762cd,SSD(1) revisited,2026-01-19T03:00:55.511559+00:00,2026-01-23T00:48:43.751008+00:00,235,conversations-005.json
578,6972c5d4-8134-8331-9bee-64038dbc1aa8,Domain-8 Artifact Transfer,2026-01-23T00:50:37.762332+00:00,2026-01-28T19:53:55.911201+00:00,193,conversations-005.json
579,69755a15-fbfc-832a-9ab5-f6048da53a1c,Learning Computer Systems,2026-01-24T23:47:58.215337+00:00,2026-01-29T19:15:15.900532+00:00,159,conversations-005.json
580,6976507a-1540-8333-b36f-22f03bdf9e25,Threadshift vs Threadbreak,2026-01-25T17:19:38.770882+00:00,2026-01-29T19:15:21.637630+00:00,127,conversations-005.json
581,697950fd-332c-8330-80b4-edbcb6adc845,Unified Field as Process,2026-01-27T23:57:54.071030+00:00,2026-01-29T19:15:09.433730+00:00,75,conversations-005.json
582,697a71d7-7db8-832c-9f65-d75eecf6bcd0,Sculpture Casting Physics,2026-01-28T20:31:28.007867+00:00,2026-01-29T19:15:34.737999+00:00,20,conversations-005.json
583,697ad361-208c-832d-beb4-1787ff031822,South-South Trade Shift,2026-01-29T03:26:29.982835+00:00,2026-01-29T19:15:40.859651+00:00,50,conversations-005.json
584,697b9b14-c404-832a-97d9-cec094750850,MAGNUM OPUS(0.9),2026-01-29T17:38:33.262266+00:00,2026-02-01T17:49:57.018737+00:00,45,conversations-005.json
585,697bb773-d07c-8326-ac2c-a8683eaf7a11,MAGNUM OPUS (1.0),2026-01-29T19:39:35.074035+00:00,2026-02-01T17:50:07.687714+00:00,70,conversations-005.json
586,697c0f8c-77e4-832b-9839-a508cf199efe,MAGNUM OPUS (2.0),2026-01-30T01:55:33.747357+00:00,2026-02-07T16:17:44.604098+00:00,133,conversations-005.json
587,697cb4b8-1c98-8328-91a5-a495e2dcc3d8,MAGNUM OPUS (3.0),2026-01-30T13:40:18.703970+00:00,2026-02-01T17:50:18.761688+00:00,38,conversations-005.json
588,697ceab1-84b4-832d-9049-f959216f9bd5,MAGNUM OPUS (3.1),2026-01-30T17:30:41.279045+00:00,2026-02-01T17:50:24.527678+00:00,39,conversations-005.json
589,697cfa83-1914-8333-8a35-eaf3f9c63b0a,MAGNUM OPUS (4.0),2026-01-30T18:38:31.947872+00:00,2026-02-01T17:50:30.183041+00:00,13,conversations-005.json
590,697d2d91-a6e4-8329-a4f1-a4576817b60a,SMC-MO Process Introduction,2026-01-30T22:16:26.747476+00:00,2026-02-01T17:50:37.370395+00:00,44,conversations-005.json
591,697d4640-dcc0-8325-873b-4a9c9f6d9780,Domain-8 Synthetic Mapping,2026-01-31T00:01:37.045081+00:00,2026-02-01T17:50:47.031571+00:00,51,conversations-005.json
592,697e1973-e134-8325-b067-e0648676d595,MAGNUM OPUS (5.0-5.1),2026-01-31T15:02:16.797213+00:00,2026-02-20T04:19:31.929730+00:00,33,conversations-005.json
593,697f80e0-96c8-832e-9c95-495242bc5ec4,MAGNUM OPUS (5.2),2026-02-01T16:35:46.088786+00:00,2026-02-20T04:19:03.935130+00:00,32,conversations-005.json
594,697f91c1-7d98-8333-a3b5-87c241d4e6d5,Magnum Opus 6.0,2026-02-01T17:48:19.288258+00:00,2026-02-07T16:16:51.840779+00:00,138,conversations-005.json
595,6980defe-2780-8333-bc6e-4cdff1721036,Magnum Op. 7.0,2026-02-02T17:30:01.863936+00:00,2026-02-07T16:17:00.683257+00:00,52,conversations-005.json
596,69814049-5198-8329-952d-f31155f68138,Magneto-Acoustic Reversal,2026-02-03T00:24:59.205364+00:00,2026-02-05T16:27:49.822778+00:00,44,conversations-005.json
597,69819476-4220-832e-871b-ba61b1498597,C34 Operational Binding,2026-02-03T06:23:53.618822+00:00,2026-02-03T06:26:34.672101+00:00,8,conversations-005.json
598,69819578-7e84-832d-9ea6-bf18c9d464e9,Mapping C34 to Domain8,2026-02-03T06:28:31.198649+00:00,2026-02-03T06:32:53.716217+00:00,8,conversations-005.json
599,69822907-805c-832b-b69b-a279772fa459,MO 7.0 Mapping,2026-02-03T16:58:15.566061+00:00,2026-02-05T16:27:41.724447+00:00,8,conversations-005.json
600,6983ebd8-6a04-832a-bb67-78faeb913ddf,Nondual Spirit and Maya,2026-02-05T01:03:43.389912+00:00,2026-02-05T16:27:56.279254+00:00,32,conversations-005.json
